blind_id,run_id,policy_id,model_family,prompt_strategy,prompt_set,strategy,corpus,flesch_reading_ease,word_compression_ratio,gemini_support_rate,gemini_weighted_alignment,coverage_weighted_rate,omission_rate,distortion_rate,hallucination_rate,minicheck_mean_probability
S479,61519cd4-14cb-4925-8372-7079b29d89b9,OPP01,gpt,basic_direct,basic,direct,OPP-115,30.22,0.3084,1.0,1.0,0.9090909090909092,0.0909090909090909,0.0,0.0,0.9519248530268669
S405,bde39716-1655-4148-b496-232f220cc13b,OPP01,gpt,basic_role_guided,basic,role_guided,OPP-115,27.97,0.2564,0.9444444444444444,0.9722222222222222,0.8181818181818182,0.1212121212121212,0.05555555555555555,0.0,0.909950921105014
S187,2fe45eea-2e87-49b9-8dd3-9d7794f57c3a,OPP01,gpt,basic_structured,basic,structured,OPP-115,24.25,0.2924,0.9523809523809523,0.9761904761904762,0.7272727272727273,0.0909090909090909,0.047619047619047616,0.0,0.909130375300135
S214,dda12a56-8b63-42cd-9a30-07fed41eb765,OPP01,gpt,safety_focused_direct,safety_focused,direct,OPP-115,28.42,0.5918,0.9722222222222222,0.9861111111111112,1.0,0.0,0.027777777777777776,0.0,0.9472023058268759
S442,af1edb57-10b6-41f3-b87f-118a1431c888,OPP01,gpt,safety_focused_role_guided,safety_focused,role_guided,OPP-115,28.73,0.6022,0.975,0.975,0.9696969696969696,0.0303030303030303,0.0,0.025,0.9307513760402799
S081,6f20befb-de9f-45d5-808e-90c08363f7a1,OPP01,gpt,safety_focused_structured,safety_focused,structured,OPP-115,29.5,0.5821,1.0,1.0,0.9393939393939394,0.0606060606060606,0.0,0.0,0.9569816863214647
S293,3028cb9b-af1b-4c7d-882a-e97f981c5de8,OPP01,llama,basic_direct,basic,direct,OPP-115,32.57,0.2107,0.7142857142857143,0.8214285714285714,0.4393939393939394,0.5151515151515151,0.21428571428571427,0.07142857142857142,0.9484380526202065
S298,7093d64d-2f2d-4834-a421-5fc804d91aef,OPP01,llama,basic_role_guided,basic,role_guided,OPP-115,26.81,0.1733,1.0,1.0,0.3636363636363636,0.5757575757575758,0.0,0.0,0.9613521099090576
S136,7b93ae3b-f7d5-4436-bbd2-dc2265d6524e,OPP01,llama,basic_structured,basic,structured,OPP-115,32.55,0.2176,1.0,1.0,0.5303030303030303,0.4242424242424242,0.0,0.0,0.9701298435529073
S005,1bf69b9d-6061-49bb-ab21-3770d691c2d6,OPP01,llama,safety_focused_direct,safety_focused,direct,OPP-115,34.47,0.2654,1.0,1.0,0.4848484848484848,0.4545454545454545,0.0,0.0,0.9016316736737887
S309,82fa01bd-1898-4805-89d7-061330a2de35,OPP01,llama,safety_focused_role_guided,safety_focused,role_guided,OPP-115,27.18,0.3008,1.0,1.0,0.5,0.3939393939393939,0.0,0.0,0.8940887890756131
S346,2a242fb2-54f7-4b6c-89fa-601d75eb52a1,OPP01,llama,safety_focused_structured,safety_focused,structured,OPP-115,28.03,0.2751,1.0,1.0,0.5454545454545454,0.3636363636363636,0.0,0.0,0.9762906266583337
S166,6cd82697-c95c-487c-b25f-c76f1b16bec4,OPP01,mistral,basic_direct,basic,direct,OPP-115,40.94,0.203,1.0,1.0,0.5909090909090909,0.3939393939393939,0.0,0.0,0.8000348689300674
S091,f2c2c00e-b9f4-41c3-9add-dee8da237914,OPP01,mistral,basic_role_guided,basic,role_guided,OPP-115,44.11,0.1566,1.0,1.0,0.5454545454545454,0.4242424242424242,0.0,0.0,0.886896705085581
S262,29b88dc5-7bd9-47da-b032-1cfd9f311c5a,OPP01,mistral,basic_structured,basic,structured,OPP-115,52.97,0.2315,0.8421052631578947,0.868421052631579,0.5757575757575758,0.3636363636363636,0.05263157894736842,0.10526315789473684,0.7932435215303772
S061,a3d73521-b84b-462d-b40c-eec9af537e2c,OPP01,mistral,safety_focused_direct,safety_focused,direct,OPP-115,38.0,0.2959,0.9047619047619048,0.9523809523809523,0.7727272727272727,0.1212121212121212,0.09523809523809523,0.0,0.9266282575471061
S467,443b3e6e-3562-4351-a448-531ac0762a16,OPP01,mistral,safety_focused_role_guided,safety_focused,role_guided,OPP-115,38.71,0.3105,0.9166666666666666,0.9583333333333334,0.7272727272727273,0.2121212121212121,0.08333333333333333,0.0,0.9277543177207311
S292,f9dec1e3-df1a-494e-a398-cb0ba3d98c77,OPP01,mistral,safety_focused_structured,safety_focused,structured,OPP-115,40.61,0.2987,0.9166666666666666,0.9583333333333334,0.6515151515151515,0.2424242424242424,0.08333333333333333,0.0,0.8799860275660952
S368,179d31c2-99bb-49d2-8f26-d110deadca5b,OPP02,gpt,basic_direct,basic,direct,OPP-115,33.26,0.1829,0.9642857142857143,0.9821428571428571,0.8333333333333334,0.1538461538461538,0.03571428571428571,0.0,0.8799392211117915
S370,3261cc69-157e-4cfa-9f53-2290eb1ff1c0,OPP02,gpt,basic_role_guided,basic,role_guided,OPP-115,29.76,0.158,0.96,0.98,0.7692307692307693,0.2051282051282051,0.04,0.0,0.8610511007905006
S127,64503272-c948-4757-999c-c9f13dc05b40,OPP02,gpt,basic_structured,basic,structured,OPP-115,30.95,0.1917,1.0,1.0,0.8205128205128205,0.1794871794871795,0.0,0.0,0.8613798540085554
S475,22592852-9945-423f-9efe-c660d52cd852,OPP02,gpt,safety_focused_direct,safety_focused,direct,OPP-115,31.92,0.3592,1.0,1.0,0.9230769230769232,0.0512820512820512,0.0,0.0,0.9292184387390711
S449,9fd02715-e5cc-43c2-b6e2-97aee4b3e141,OPP02,gpt,safety_focused_role_guided,safety_focused,role_guided,OPP-115,32.29,0.4184,0.9836065573770492,0.9918032786885246,0.9743589743589745,0.0256410256410256,0.01639344262295082,0.0,0.915124174573871
S462,af1b8f15-d40d-437b-8eef-c991658cf8aa,OPP02,gpt,safety_focused_structured,safety_focused,structured,OPP-115,31.15,0.2967,1.0,1.0,0.8846153846153846,0.0769230769230769,0.0,0.0,0.8557635876674985
S254,f2bdb758-3913-4f35-ba47-0cf8aa46c769,OPP02,llama,basic_direct,basic,direct,OPP-115,26.28,0.1109,1.0,1.0,0.5,0.4358974358974359,0.0,0.0,0.8225900129015956
S045,f7aa40c9-7d56-4226-adc8-211bcfe884e8,OPP02,llama,basic_role_guided,basic,role_guided,OPP-115,31.78,0.0949,1.0,1.0,0.3076923076923077,0.6410256410256411,0.0,0.0,0.7994533044596513
S210,9fe12734-caf2-443e-8950-25ac892bca82,OPP02,llama,basic_structured,basic,structured,OPP-115,35.49,0.0998,1.0,1.0,0.4487179487179487,0.4871794871794871,0.0,0.0,0.9088760252509799
S417,1185f889-23cf-44a6-b216-4b23130b6998,OPP02,llama,safety_focused_direct,safety_focused,direct,OPP-115,28.31,0.1171,0.9411764705882353,0.9705882352941176,0.5769230769230769,0.3846153846153846,0.058823529411764705,0.0,0.9688314690309412
S160,bd45eb51-8094-4793-80b9-8330417e8780,OPP02,llama,safety_focused_role_guided,safety_focused,role_guided,OPP-115,33.38,0.1508,0.8421052631578947,0.9210526315789473,0.4615384615384615,0.4615384615384615,0.15789473684210525,0.0,0.7641438032059293
S464,473c5f41-4544-498c-9a98-3e80155c8600,OPP02,llama,safety_focused_structured,safety_focused,structured,OPP-115,30.43,0.1178,0.9333333333333333,0.9666666666666667,0.4615384615384615,0.4615384615384615,0.06666666666666667,0.0,0.9102696398893992
S031,5e17fe48-8fdf-425d-9e4d-127736735d56,OPP02,mistral,basic_direct,basic,direct,OPP-115,48.32,0.1465,0.9,0.95,0.5769230769230769,0.3076923076923077,0.1,0.0,0.7119925159960985
S069,62d1d2e1-f5cd-438c-b70f-f215bdedd73d,OPP02,mistral,basic_role_guided,basic,role_guided,OPP-115,54.93,0.1089,0.9444444444444444,0.9444444444444444,0.3461538461538461,0.5384615384615384,0.0,0.05555555555555555,0.6831344717906581
S095,9197f33b-a8db-465a-83f3-74cf87dff1cc,OPP02,mistral,basic_structured,basic,structured,OPP-115,53.33,0.0998,0.8666666666666667,0.9,0.4358974358974359,0.4102564102564102,0.06666666666666667,0.06666666666666667,0.7240118778000275
S004,cf6efc74-995f-4c02-a2d4-5393cc104fcd,OPP02,mistral,safety_focused_direct,safety_focused,direct,OPP-115,45.73,0.1344,0.9444444444444444,0.9722222222222222,0.7307692307692307,0.2564102564102564,0.05555555555555555,0.0,0.7269607759598229
S253,e694825a-3173-4abe-b1da-4a1cb2d9faa0,OPP02,mistral,safety_focused_role_guided,safety_focused,role_guided,OPP-115,48.55,0.1256,1.0,1.0,0.5897435897435898,0.4102564102564102,0.0,0.0,0.8287510783656648
S228,728c19d4-a2bb-4a16-8a36-0302608829b6,OPP02,mistral,safety_focused_structured,safety_focused,structured,OPP-115,49.79,0.1079,0.9444444444444444,0.9444444444444444,0.4615384615384615,0.4615384615384615,0.0,0.05555555555555555,0.7193395838969283
S361,1f07129f-8d2f-4695-a548-62c4d2f1d521,OPP03,gpt,basic_direct,basic,direct,OPP-115,28.52,0.0841,1.0,1.0,0.7658227848101266,0.2278481012658227,0.0,0.0,0.844461365402037
S336,5380a2db-4bd9-4957-b38d-12cfb48d3ad4,OPP03,gpt,basic_role_guided,basic,role_guided,OPP-115,33.38,0.0728,1.0,1.0,0.6962025316455697,0.2911392405063291,0.0,0.0,0.876675808294253
S302,43365ac8-b1fc-44be-98c0-0a118cb21346,OPP03,gpt,basic_structured,basic,structured,OPP-115,29.6,0.0853,1.0,1.0,0.7025316455696202,0.2658227848101265,0.0,0.0,0.8329481547500225
S077,874450a5-0ebf-4d85-96a6-821640fe1635,OPP03,gpt,safety_focused_direct,safety_focused,direct,OPP-115,34.4,0.1709,1.0,1.0,0.8417721518987342,0.1265822784810126,0.0,0.0,0.9331665514243974
S296,881b5025-6ec6-43dd-a566-3f1f5f7f4c27,OPP03,gpt,safety_focused_role_guided,safety_focused,role_guided,OPP-115,33.36,0.1766,1.0,1.0,0.8987341772151899,0.1012658227848101,0.0,0.0,0.9236557269571247
S124,be66ed49-7c5f-4a6c-b0f1-a95f670b740e,OPP03,gpt,safety_focused_structured,safety_focused,structured,OPP-115,25.86,0.1073,1.0,1.0,0.7721518987341772,0.2025316455696202,0.0,0.0,0.9169002717076722
S267,2ae4a81f-ef93-4278-aed7-1ad7d03b746e,OPP03,llama,basic_direct,basic,direct,OPP-115,21.93,0.0274,0.9285714285714286,0.9642857142857143,0.2721518987341772,0.6708860759493671,0.07142857142857142,0.0,0.7537476702460221
S079,1f33d678-c9da-4b50-8c53-668df24bdf28,OPP03,llama,basic_role_guided,basic,role_guided,OPP-115,27.46,0.0314,1.0,1.0,0.1392405063291139,0.7468354430379747,0.0,0.0,0.7632643976248801
S164,0d04bc7d-91a8-4c76-b6d7-ee5dde235cda,OPP03,llama,basic_structured,basic,structured,OPP-115,33.85,0.0251,0.9285714285714286,0.9642857142857143,0.1645569620253164,0.7088607594936709,0.07142857142857142,0.0,0.9623189738818577
S333,b0920d80-1ece-4daf-b925-0a351f342bcd,OPP03,llama,safety_focused_direct,safety_focused,direct,OPP-115,23.89,0.0421,0.9473684210526315,0.9736842105263158,0.189873417721519,0.7468354430379747,0.05263157894736842,0.0,0.9561320104097065
S232,d6506d25-3202-4a47-9f0e-bd9772c404e8,OPP03,llama,safety_focused_role_guided,safety_focused,role_guided,OPP-115,19.43,0.0365,0.9375,0.9375,0.2278481012658227,0.6708860759493671,0.0,0.0625,0.7754418295808136
S271,d904f5bf-4e21-48bd-be96-1b543e684956,OPP03,llama,safety_focused_structured,safety_focused,structured,OPP-115,28.01,0.0292,1.0,1.0,0.2215189873417721,0.6835443037974683,0.0,0.0,0.9486982449889183
S389,2afdd40e-8751-419f-8298-7f9fc104dc36,OPP03,mistral,basic_direct,basic,direct,OPP-115,42.69,0.0281,0.8823529411764706,0.9117647058823529,0.2911392405063291,0.6075949367088608,0.058823529411764705,0.058823529411764705,0.7392930988879765
S428,b14b6c15-a502-46b1-af78-030465841b72,OPP03,mistral,basic_role_guided,basic,role_guided,OPP-115,55.71,0.0524,0.8064516129032258,0.8387096774193549,0.3924050632911392,0.6075949367088608,0.06451612903225806,0.12903225806451613,0.8205792198498403
S144,79efbbb3-5de2-4692-a6f0-b2b1aa4bc17f,OPP03,mistral,basic_structured,basic,structured,OPP-115,40.94,0.0211,0.9333333333333333,0.9333333333333333,0.2911392405063291,0.620253164556962,0.0,0.06666666666666667,0.7823991055289904
S217,c5f343e1-8e69-4a70-a60e-cf575040de6a,OPP03,mistral,safety_focused_direct,safety_focused,direct,OPP-115,46.44,0.0458,0.9285714285714286,0.9464285714285714,0.3544303797468354,0.5569620253164557,0.03571428571428571,0.03571428571428571,0.8301631914717811
S216,d4f1ce6b-1e83-4660-ae96-77f73d33b1f3,OPP03,mistral,safety_focused_role_guided,safety_focused,role_guided,OPP-115,52.58,0.0566,0.9696969696969697,0.9696969696969697,0.4746835443037974,0.5063291139240507,0.0,0.030303030303030304,0.8732083065040184
S172,afed37d6-4f67-4b2e-b5da-496c82dffc58,OPP03,mistral,safety_focused_structured,safety_focused,structured,OPP-115,51.99,0.0643,0.9473684210526315,0.9473684210526315,0.4936708860759494,0.4936708860759494,0.0,0.05263157894736842,0.8263186315368665
S348,aed71716-dcc1-40f7-84b0-f28420a16890,OPP04,gpt,basic_direct,basic,direct,OPP-115,49.05,0.2323,1.0,1.0,1.0,0.0,0.0,0.0,0.8782849414274096
S048,a4e0e4c0-6f99-48ac-80e8-07462abbc73d,OPP04,gpt,basic_role_guided,basic,role_guided,OPP-115,53.42,0.2348,1.0,1.0,0.9473684210526316,0.0,0.0,0.0,0.9516253541497623
S338,2981f5e1-5870-4c7d-b8eb-62f1be20ef1a,OPP04,gpt,basic_structured,basic,structured,OPP-115,51.68,0.2963,0.8636363636363636,0.9090909090909091,0.9210526315789472,0.0526315789473684,0.09090909090909091,0.045454545454545456,0.8840140795165842
S377,f388f25e-b7f4-4ac3-a617-1300ecfb3463,OPP04,gpt,safety_focused_direct,safety_focused,direct,OPP-115,37.12,0.3409,1.0,1.0,1.0,0.0,0.0,0.0,0.9016977805982936
S034,a8bdc8d7-46de-4c49-ae8c-0f4637e5a787,OPP04,gpt,safety_focused_role_guided,safety_focused,role_guided,OPP-115,38.93,0.3316,1.0,1.0,1.0,0.0,0.0,0.0,0.9084170849426932
S147,c23ee7a3-a15a-4857-9d9e-4b714a248d7d,OPP04,gpt,safety_focused_structured,safety_focused,structured,OPP-115,42.9,0.346,0.9583333333333334,0.9583333333333334,1.0,0.0,0.0,0.041666666666666664,0.8824658750866851
S208,7ccf007f-3a82-4415-a195-4aff5934d366,OPP04,llama,basic_direct,basic,direct,OPP-115,48.4,0.2264,0.8461538461538461,0.9230769230769231,0.5789473684210527,0.2105263157894736,0.15384615384615385,0.0,0.9463332066169152
S209,c04ac9b4-5a09-47ff-8f7a-a35dde944d4c,OPP04,llama,basic_role_guided,basic,role_guided,OPP-115,51.77,0.2045,0.8181818181818182,0.9090909090909091,0.5526315789473685,0.3157894736842105,0.18181818181818182,0.0,0.9474779313260858
S083,e806a22f-9d5a-42f5-b2b8-d24a77bf0d22,OPP04,llama,basic_structured,basic,structured,OPP-115,43.6,0.2315,0.9166666666666666,0.9583333333333334,0.5526315789473685,0.2631578947368421,0.08333333333333333,0.0,0.9523165176312128
S150,d656e7e8-df6a-4172-be4b-808281222a7e,OPP04,llama,safety_focused_direct,safety_focused,direct,OPP-115,38.27,0.2609,1.0,1.0,0.7631578947368421,0.2105263157894736,0.0,0.0,0.903478776033108
S067,c2334ba6-07df-44fd-ad26-027267d4dd42,OPP04,llama,safety_focused_role_guided,safety_focused,role_guided,OPP-115,43.52,0.2694,1.0,1.0,0.7894736842105263,0.1578947368421052,0.0,0.0,0.9112030863761902
S432,987bb65a-bb06-462a-ac01-eb55724970c0,OPP04,llama,safety_focused_structured,safety_focused,structured,OPP-115,44.56,0.234,0.9285714285714286,0.9642857142857143,0.6578947368421053,0.2631578947368421,0.07142857142857142,0.0,0.9418762624263763
S193,87b3ac73-731f-4a87-94b5-3a1a841f5286,OPP04,mistral,basic_direct,basic,direct,OPP-115,39.35,0.2837,1.0,1.0,0.8947368421052632,0.0526315789473684,0.0,0.0,0.9195091110818526
S142,bd86df6e-a509-472e-abb6-f0f364b6d1e6,OPP04,mistral,basic_role_guided,basic,role_guided,OPP-115,47.61,0.3056,0.8421052631578947,0.9210526315789473,0.8947368421052632,0.1052631578947368,0.15789473684210525,0.0,0.8981788266254099
S130,33c9096f-1712-48b9-a8f0-dc10df747f17,OPP04,mistral,basic_structured,basic,structured,OPP-115,42.36,0.2113,0.8333333333333334,0.9166666666666666,0.7894736842105263,0.1578947368421052,0.16666666666666666,0.0,0.7982281368846694
S026,30ba5712-c073-4311-9def-e22af3120660,OPP04,mistral,safety_focused_direct,safety_focused,direct,OPP-115,38.07,0.3384,0.85,0.925,0.868421052631579,0.0526315789473684,0.15,0.0,0.8640985190868378
S328,abee2321-331a-4929-9a7e-fa278fe991a6,OPP04,mistral,safety_focused_role_guided,safety_focused,role_guided,OPP-115,37.53,0.2769,0.9411764705882353,0.9705882352941176,0.9210526315789472,0.0526315789473684,0.058823529411764705,0.0,0.8924408625153935
S279,af86df5b-3821-4f77-b312-00a2184ccb71,OPP04,mistral,safety_focused_structured,safety_focused,structured,OPP-115,40.97,0.2736,1.0,1.0,0.9473684210526316,0.0526315789473684,0.0,0.0,0.8540015108883381
S274,b0702194-a590-4671-a80b-0a4e449e29d3,OPP05,gpt,basic_direct,basic,direct,OPP-115,30.25,0.2288,1.0,1.0,0.9117647058823528,0.0588235294117647,0.0,0.0,0.8742444833310751
S213,2553ea48-a353-4e4a-a34a-d3c9542827a5,OPP05,gpt,basic_role_guided,basic,role_guided,OPP-115,38.74,0.2492,1.0,1.0,0.8970588235294118,0.0588235294117647,0.0,0.0,0.9392514005303383
S408,4dc08b7e-013f-4378-9e92-45195cfb0dd9,OPP05,gpt,basic_structured,basic,structured,OPP-115,33.9,0.2407,1.0,1.0,0.8970588235294118,0.0588235294117647,0.0,0.0,0.8599444182011587
S087,a70a1070-f34f-40a3-862a-69001c3ee4c8,OPP05,gpt,safety_focused_direct,safety_focused,direct,OPP-115,33.07,0.5127,1.0,1.0,1.0,0.0,0.0,0.0,0.9268907979130745
S364,687423f0-6cfc-4295-ab24-0ffc7ba51916,OPP05,gpt,safety_focused_role_guided,safety_focused,role_guided,OPP-115,30.05,0.4236,1.0,1.0,0.9705882352941176,0.0294117647058823,0.0,0.0,0.9146269147352475
S484,764108b6-a0fe-4782-9faa-3e292e0e6579,OPP05,gpt,safety_focused_structured,safety_focused,structured,OPP-115,32.8,0.4266,1.0,1.0,1.0,0.0,0.0,0.0,0.9194154757196489
S065,934af2d4-aec9-4f1e-8d59-9461cdf202ae,OPP05,llama,basic_direct,basic,direct,OPP-115,42.24,0.1464,1.0,1.0,0.4411764705882353,0.4705882352941176,0.0,0.0,0.8382085313399633
S242,85d0429e-2745-412d-bfc5-26b0a73265a2,OPP05,llama,basic_role_guided,basic,role_guided,OPP-115,43.36,0.1159,1.0,1.0,0.3676470588235294,0.5,0.0,0.0,0.6837733549376329
S015,ecbd7c43-ce29-47ce-b601-f92338ee0820,OPP05,llama,basic_structured,basic,structured,OPP-115,38.12,0.1218,1.0,1.0,0.3088235294117647,0.5,0.0,0.0,0.7905280773217479
S299,d6307ed5-2cf3-455d-bead-01c17dc48a01,OPP05,llama,safety_focused_direct,safety_focused,direct,OPP-115,32.64,0.1401,1.0,1.0,0.6323529411764706,0.2941176470588235,0.0,0.0,0.8764710025145457
S191,c55c7761-1e48-4688-ad97-664996f7df96,OPP05,llama,safety_focused_role_guided,safety_focused,role_guided,OPP-115,36.38,0.1982,0.9411764705882353,0.9705882352941176,0.3235294117647059,0.5294117647058824,0.058823529411764705,0.0,0.9230096515487222
S283,42481ac5-fb1e-497f-b51e-c46425bd8952,OPP05,llama,safety_focused_structured,safety_focused,structured,OPP-115,37.39,0.132,1.0,1.0,0.5,0.4411764705882353,0.0,0.0,0.8966810112552983
S443,034e794d-878f-427c-866e-385b7433e413,OPP05,mistral,basic_direct,basic,direct,OPP-115,43.56,0.1914,1.0,1.0,0.6323529411764706,0.3235294117647059,0.0,0.0,0.9276905091185319
S256,8afa6e8f-a04b-4172-9586-96bc60c89456,OPP05,mistral,basic_role_guided,basic,role_guided,OPP-115,52.26,0.2016,1.0,1.0,0.7647058823529411,0.1764705882352941,0.0,0.0,0.8720099913577238
S032,71b37375-0491-4b1e-b0ba-e66bb544df76,OPP05,mistral,basic_structured,basic,structured,OPP-115,46.19,0.1418,1.0,1.0,0.6470588235294118,0.3235294117647059,0.0,0.0,0.7899978816509247
S162,6be58938-a7e8-44f2-8a3f-a401078b6604,OPP05,mistral,safety_focused_direct,safety_focused,direct,OPP-115,40.0,0.1668,1.0,1.0,0.6029411764705882,0.2352941176470588,0.0,0.0,0.7820402383804321
S468,e09395f1-c805-4ab1-bc06-c4e75b041b09,OPP05,mistral,safety_focused_role_guided,safety_focused,role_guided,OPP-115,49.29,0.2008,0.9545454545454546,0.9772727272727273,0.7794117647058824,0.1764705882352941,0.045454545454545456,0.0,0.862671446563168
S257,066178fd-2bd1-41d2-a1ff-89fb170a8678,OPP05,mistral,safety_focused_structured,safety_focused,structured,OPP-115,48.41,0.2165,1.0,1.0,0.8088235294117647,0.1470588235294117,0.0,0.0,0.8200653025313563
S294,f3b4db5a-22b7-4b20-a2b2-23e0e89e209e,OPP06,gpt,basic_direct,basic,direct,OPP-115,26.7,0.1351,0.9642857142857143,0.9642857142857143,0.7692307692307693,0.2051282051282051,0.0,0.03571428571428571,0.877793923286455
S235,37d0f40b-1070-44ad-827f-3a64b9090997,OPP06,gpt,basic_role_guided,basic,role_guided,OPP-115,28.55,0.1466,1.0,1.0,0.7435897435897436,0.1794871794871795,0.0,0.0,0.8649101202134732
S163,d1bc964f-1eee-4c2f-821f-cb55ebf18e89,OPP06,gpt,basic_structured,basic,structured,OPP-115,23.78,0.152,1.0,1.0,0.8461538461538461,0.1025641025641025,0.0,0.0,0.8789033026530825
S439,c7d3f45c-fc8e-4aac-9eba-45d49414b955,OPP06,gpt,safety_focused_direct,safety_focused,direct,OPP-115,25.12,0.2426,0.9777777777777777,0.9888888888888889,0.9487179487179488,0.0256410256410256,0.022222222222222223,0.0,0.9091416464911567
S470,4483c763-7ca7-4b78-a699-81eb4ae72399,OPP06,gpt,safety_focused_role_guided,safety_focused,role_guided,OPP-115,26.44,0.2159,1.0,1.0,0.935897435897436,0.0512820512820512,0.0,0.0,0.85228909074496
S098,7765c9ae-f9d2-4796-b990-9b166082fc97,OPP06,gpt,safety_focused_structured,safety_focused,structured,OPP-115,26.04,0.2094,1.0,1.0,0.8846153846153846,0.1025641025641025,0.0,0.0,0.9505179941654205
S459,f08a28e8-f3cb-4002-81fa-a360089a63e7,OPP06,llama,basic_direct,basic,direct,OPP-115,15.28,0.0593,1.0,1.0,0.3205128205128205,0.6410256410256411,0.0,0.0,0.9068728522820906
S395,e4eff315-f820-486e-a1fd-702eb1a3279e,OPP06,llama,basic_role_guided,basic,role_guided,OPP-115,28.6,0.0704,0.6666666666666666,0.8333333333333334,0.4743589743589743,0.5128205128205128,0.3333333333333333,0.0,0.8859649568796157
S051,72b0a06f-db8c-45f7-98ad-8615268c73f3,OPP06,llama,basic_structured,basic,structured,OPP-115,20.53,0.0762,0.8125,0.90625,0.3846153846153846,0.6153846153846154,0.1875,0.0,0.9252192415297031
S414,c01dde1b-5c92-4abc-a904-a3b1999b7d87,OPP06,llama,safety_focused_direct,safety_focused,direct,OPP-115,20.79,0.0885,1.0,1.0,0.4615384615384615,0.4358974358974359,0.0,0.0,0.9718306485344382
S115,30d7b038-3b6c-40a4-b522-6aaaa4f9aac6,OPP06,llama,safety_focused_role_guided,safety_focused,role_guided,OPP-115,28.76,0.0832,1.0,1.0,0.3974358974358974,0.5641025641025641,0.0,0.0,0.9562826156616211
S380,31e5beae-f5fd-47ac-978e-11557a45cb6e,OPP06,llama,safety_focused_structured,safety_focused,structured,OPP-115,18.58,0.0673,1.0,1.0,0.4102564102564102,0.5384615384615384,0.0,0.0,0.9732156693935394
S117,704063e1-0d80-4f03-9c5d-f8bc58006af0,OPP06,mistral,basic_direct,basic,direct,OPP-115,38.46,0.1011,1.0,1.0,0.5512820512820513,0.282051282051282,0.0,0.0,0.8950438920189353
S238,c31c9489-b473-42f2-9159-92673ba62cec,OPP06,mistral,basic_role_guided,basic,role_guided,OPP-115,41.33,0.0943,0.9444444444444444,0.9444444444444444,0.6410256410256411,0.3333333333333333,0.0,0.05555555555555555,0.8842504703336291
S055,11c6957e-afd4-4ec1-a4de-805efb20f5f3,OPP06,mistral,basic_structured,basic,structured,OPP-115,44.25,0.1124,0.7916666666666666,0.8958333333333334,0.6666666666666666,0.3333333333333333,0.20833333333333334,0.0,0.8180091455578804
S140,81df39dd-a8ef-4922-8b7c-89c3c004ad99,OPP06,mistral,safety_focused_direct,safety_focused,direct,OPP-115,33.33,0.1011,0.9523809523809523,0.9523809523809523,0.5641025641025641,0.4102564102564102,0.0,0.047619047619047616,0.8596787750720978
S325,074100c5-bcb4-4347-bfb8-739f53b7afb9,OPP06,mistral,safety_focused_role_guided,safety_focused,role_guided,OPP-115,48.36,0.1353,0.9285714285714286,0.9464285714285714,0.6282051282051282,0.3333333333333333,0.03571428571428571,0.03571428571428571,0.8304449865328414
S363,746b540e-fdbf-4b35-862d-fb69e7573c05,OPP06,mistral,safety_focused_structured,safety_focused,structured,OPP-115,33.22,0.09,0.95,0.975,0.6923076923076923,0.3076923076923077,0.05,0.0,0.9055269395932555
S054,0ebebe77-b4ae-4b48-bbfd-c9c0f1036f2f,OPP07,gpt,basic_direct,basic,direct,OPP-115,39.32,0.2939,1.0,1.0,0.88,0.08,0.0,0.0,0.7439937790855765
S236,1e6cfb05-d439-4780-8649-2f2aab284a1b,OPP07,gpt,basic_role_guided,basic,role_guided,OPP-115,37.89,0.3058,1.0,1.0,0.84,0.08,0.0,0.0,0.747408402829685
S182,2230942b-00c1-4f71-a7f5-714a67132146,OPP07,gpt,basic_structured,basic,structured,OPP-115,40.52,0.3388,1.0,1.0,0.92,0.08,0.0,0.0,0.6858707463935666
S132,2e5f1556-243e-4865-814d-d864ce40ba8f,OPP07,gpt,safety_focused_direct,safety_focused,direct,OPP-115,31.66,0.518,1.0,1.0,1.0,0.0,0.0,0.0,0.6930486624760013
S321,0565e4af-05e1-4a3a-9d59-6e9ffee87c18,OPP07,gpt,safety_focused_role_guided,safety_focused,role_guided,OPP-115,37.12,0.5397,1.0,1.0,0.98,0.0,0.0,0.0,0.7391397258033976
S465,08b3768c-8cde-4b38-b6d8-d1098aab3bdc,OPP07,gpt,safety_focused_structured,safety_focused,structured,OPP-115,33.01,0.5037,1.0,1.0,1.0,0.0,0.0,0.0,0.7374905709537768
S016,3cfa43f4-f557-4dc4-aa2c-efa1c1e98616,OPP07,llama,basic_direct,basic,direct,OPP-115,36.41,0.2466,0.9285714285714286,0.9642857142857143,0.6,0.32,0.07142857142857142,0.0,0.8193451259285212
S329,dcaf39fe-4983-4d61-ae24-2666c59446fc,OPP07,llama,basic_role_guided,basic,role_guided,OPP-115,55.82,0.3291,1.0,1.0,0.74,0.2,0.0,0.0,0.8108120424672961
S041,4a65e145-c79a-4d41-8bcb-07ca6a21d8ea,OPP07,llama,basic_structured,basic,structured,OPP-115,30.52,0.2624,1.0,1.0,0.62,0.32,0.0,0.0,0.6302728495177101
S323,6fc7cb8f-63d7-4cd4-8549-c8d90977d1e8,OPP07,llama,safety_focused_direct,safety_focused,direct,OPP-115,36.61,0.2901,1.0,1.0,0.54,0.28,0.0,0.0,0.754063256084919
S422,6817b420-6fc7-4562-a324-47c317516884,OPP07,llama,safety_focused_role_guided,safety_focused,role_guided,OPP-115,39.05,0.3268,1.0,1.0,0.74,0.2,0.0,0.0,0.746956331241462
S355,3d789487-3a48-4900-9f4e-42533a661210,OPP07,llama,safety_focused_structured,safety_focused,structured,OPP-115,41.58,0.2789,1.0,1.0,0.7,0.24,0.0,0.0,0.7577933561714256
S403,0c3df876-4a3d-4dae-9e6b-6a1d354043c7,OPP07,mistral,basic_direct,basic,direct,OPP-115,54.09,0.2976,1.0,1.0,0.84,0.12,0.0,0.0,0.6689602371467196
S406,e9700dbf-380c-41b9-a383-4f5fb5ea18f4,OPP07,mistral,basic_role_guided,basic,role_guided,OPP-115,55.82,0.3253,0.9523809523809523,0.9761904761904762,0.6,0.28,0.047619047619047616,0.0,0.651563539568867
S009,e9b1185e-02ec-4ab6-a324-5e18ed33f13a,OPP07,mistral,basic_structured,basic,structured,OPP-115,52.99,0.2661,0.9473684210526315,0.9736842105263158,0.84,0.12,0.05263157894736842,0.0,0.6627044567936345
S481,2af370a4-62b4-406f-a8c1-829da7987da7,OPP07,mistral,safety_focused_direct,safety_focused,direct,OPP-115,51.99,0.3598,1.0,1.0,0.84,0.16,0.0,0.0,0.6160674112228056
S251,5798b51c-008e-49fa-90bf-31d82fd6a2a0,OPP07,mistral,safety_focused_role_guided,safety_focused,role_guided,OPP-115,49.88,0.3846,0.9629629629629629,0.9814814814814815,0.78,0.08,0.037037037037037035,0.0,0.7187190091720334
S469,6142087b-2a15-4bfb-856a-7c677953ccf7,OPP07,mistral,safety_focused_structured,safety_focused,structured,OPP-115,44.47,0.3441,1.0,1.0,0.82,0.08,0.0,0.0,0.6687786970287561
S186,ad02f513-6ec1-476a-8bd7-b144556757c0,OPP08,gpt,basic_direct,basic,direct,OPP-115,34.29,0.2868,1.0,1.0,0.9324324324324323,0.027027027027027,0.0,0.0,0.7006798723978656
S101,af79da75-6f9b-4f4c-8ff3-125c8e54e59e,OPP08,gpt,basic_role_guided,basic,role_guided,OPP-115,36.13,0.2807,1.0,1.0,0.9594594594594594,0.0,0.0,0.0,0.7334750267293524
S198,c9fc4c29-7e2b-4a3a-b94f-0751f71631c7,OPP08,gpt,basic_structured,basic,structured,OPP-115,31.32,0.2634,1.0,1.0,0.945945945945946,0.027027027027027,0.0,0.0,0.7115681586166223
S024,38889c25-bddc-41b3-9b35-a03d73ad4747,OPP08,gpt,safety_focused_direct,safety_focused,direct,OPP-115,28.84,0.4486,1.0,1.0,1.0,0.0,0.0,0.0,0.752419816845275
S330,21140447-5b47-4eaa-9bec-5fe158a757ad,OPP08,gpt,safety_focused_role_guided,safety_focused,role_guided,OPP-115,33.6,0.4856,1.0,1.0,1.0,0.0,0.0,0.0,0.7197378789289639
S241,6a8dd384-89fb-4f70-a1a7-9beb9c72b28d,OPP08,gpt,safety_focused_structured,safety_focused,structured,OPP-115,26.3,0.3934,1.0,1.0,0.9594594594594594,0.027027027027027,0.0,0.0,0.68277781996876
S471,f6af3983-ed7c-439f-88ed-1e88180077aa,OPP08,llama,basic_direct,basic,direct,OPP-115,40.36,0.1444,0.8461538461538461,0.9230769230769231,0.3783783783783784,0.5405405405405406,0.15384615384615385,0.0,0.5517824209080293
S322,0f57da5c-ff21-40b1-900f-bdda43661407,OPP08,llama,basic_role_guided,basic,role_guided,OPP-115,41.32,0.1626,0.8666666666666667,0.9333333333333333,0.4864864864864865,0.4864864864864865,0.13333333333333333,0.0,0.49193081830938656
S123,d1e26779-6605-4853-954e-4ce4a1098742,OPP08,llama,basic_structured,basic,structured,OPP-115,39.97,0.1342,1.0,1.0,0.3243243243243243,0.5675675675675675,0.0,0.0,0.7554256832847993
S155,55d2cd7f-105c-4af4-bc2d-4505830e2998,OPP08,llama,safety_focused_direct,safety_focused,direct,OPP-115,33.17,0.1403,0.9333333333333333,0.9666666666666667,0.4054054054054054,0.4594594594594595,0.06666666666666667,0.0,0.6755420011778672
S080,0a1c4fee-d99c-4c2b-ba88-236a8103df7b,OPP08,llama,safety_focused_role_guided,safety_focused,role_guided,OPP-115,36.24,0.1296,0.9166666666666666,0.9583333333333334,0.4189189189189189,0.4864864864864865,0.08333333333333333,0.0,0.5056312310819825
S358,d3427706-9aeb-43e7-bc36-60eb58fa3194,OPP08,llama,safety_focused_structured,safety_focused,structured,OPP-115,42.0,0.1399,0.9333333333333333,0.9666666666666667,0.3243243243243243,0.5945945945945946,0.06666666666666667,0.0,0.8102298183987539
S373,d6b3607a-5dd9-443d-8427-6b7c1d1e072b,OPP08,mistral,basic_direct,basic,direct,OPP-115,46.84,0.1774,1.0,1.0,0.6756756756756757,0.2972972972972973,0.0,0.0,0.8626192071962924
S104,2e81ad14-2464-4b13-9533-5d707ed77954,OPP08,mistral,basic_role_guided,basic,role_guided,OPP-115,50.52,0.2128,0.96,0.96,0.8243243243243243,0.1621621621621621,0.0,0.04,0.8784435269981623
S156,0b32e6fc-6a67-457f-bdba-f89f44f7fb86,OPP08,mistral,basic_structured,basic,structured,OPP-115,55.86,0.1802,0.9090909090909091,0.9318181818181818,0.527027027027027,0.4324324324324324,0.045454545454545456,0.045454545454545456,0.8763114476407116
S243,6de25d97-8365-4f0f-9417-23c210725175,OPP08,mistral,safety_focused_direct,safety_focused,direct,OPP-115,47.88,0.2226,0.88,0.94,0.7297297297297297,0.2702702702702703,0.12,0.0,0.8561130811274051
S028,f373cb6c-3f22-49b6-9713-7bf3e59aec31,OPP08,mistral,safety_focused_role_guided,safety_focused,role_guided,OPP-115,48.4,0.23,0.9629629629629629,0.9814814814814815,0.8783783783783784,0.1081081081081081,0.037037037037037035,0.0,0.7552211374320366
S444,5b41e9b4-e234-4bd3-ba72-f856f20bb111,OPP08,mistral,safety_focused_structured,safety_focused,structured,OPP-115,53.44,0.1782,0.8571428571428571,0.8809523809523809,0.5135135135135135,0.4324324324324324,0.047619047619047616,0.09523809523809523,0.8050863182260877
S366,2bb68f5f-23df-44e6-8af2-ffccb2210459,OPP09,gpt,basic_direct,basic,direct,OPP-115,31.8,0.1204,1.0,1.0,0.8928571428571429,0.0714285714285714,0.0,0.0,0.848761708306318
S270,5fcf3513-a312-47ff-b5ea-5dd21d629372,OPP09,gpt,basic_role_guided,basic,role_guided,OPP-115,30.54,0.0865,1.0,1.0,0.7261904761904762,0.1904761904761904,0.0,0.0,0.8164100719150156
S284,7d9e3fd4-11a3-4e0a-b8ca-d36e1cb05ba4,OPP09,gpt,basic_structured,basic,structured,OPP-115,29.1,0.0977,0.9714285714285714,0.9857142857142858,0.7976190476190477,0.1428571428571428,0.02857142857142857,0.0,0.833384464255401
S219,0b5fdb3e-f8a2-4270-8c8c-990c52aa83e2,OPP09,gpt,safety_focused_direct,safety_focused,direct,OPP-115,25.92,0.2068,1.0,1.0,0.988095238095238,0.0,0.0,0.0,0.8276526934483595
S230,96fa2d66-cc2f-4f0e-8b61-d788a1bde6f5,OPP09,gpt,safety_focused_role_guided,safety_focused,role_guided,OPP-115,32.51,0.2656,1.0,1.0,1.0,0.0,0.0,0.0,0.9260102526229971
S099,9eee36c2-9e70-4852-8d40-b47a0027429b,OPP09,gpt,safety_focused_structured,safety_focused,structured,OPP-115,29.21,0.1992,1.0,1.0,1.0,0.0,0.0,0.0,0.8595090621965937
S282,77379c88-0315-4a78-8a49-df56eb0ae35c,OPP09,llama,basic_direct,basic,direct,OPP-115,33.46,0.0439,1.0,1.0,0.3928571428571428,0.5714285714285714,0.0,0.0,0.8271896672936586
S035,b6cee9a4-7271-4c21-8daa-6f90d085539b,OPP09,llama,basic_role_guided,basic,role_guided,OPP-115,29.6,0.0537,1.0,1.0,0.369047619047619,0.5952380952380952,0.0,0.0,0.9605226236231187
S281,c8c77463-ab44-403d-9acc-0c8cdde906e4,OPP09,llama,basic_structured,basic,structured,OPP-115,39.27,0.0545,0.9411764705882353,0.9705882352941176,0.3214285714285714,0.6666666666666666,0.058823529411764705,0.0,0.8321818358757916
S100,9909f2da-674f-4102-bb19-42b302b9c429,OPP09,llama,safety_focused_direct,safety_focused,direct,OPP-115,19.43,0.0442,1.0,1.0,0.3452380952380952,0.6190476190476191,0.0,0.0,0.837494378288587
S448,0f393283-e7f3-4356-9f0c-0e8b92601e91,OPP09,llama,safety_focused_role_guided,safety_focused,role_guided,OPP-115,32.68,0.0626,1.0,1.0,0.4047619047619047,0.5476190476190477,0.0,0.0,0.8993846789002419
S245,913dd8d6-f9b5-44ba-9f00-736edc05e715,OPP09,llama,safety_focused_structured,safety_focused,structured,OPP-115,23.88,0.0403,1.0,1.0,0.3095238095238095,0.6428571428571429,0.0,0.0,0.7930807375482151
S169,030a202f-3590-4b30-89bf-61695da52a5c,OPP09,mistral,basic_direct,basic,direct,OPP-115,50.35,0.0776,0.9655172413793104,0.9655172413793104,0.6190476190476191,0.3095238095238095,0.0,0.034482758620689655,0.9017305846872001
S023,56fd51b9-f092-4c13-b70b-5c748aa38d7b,OPP09,mistral,basic_role_guided,basic,role_guided,OPP-115,52.44,0.0914,0.9714285714285714,0.9714285714285714,0.6428571428571429,0.2857142857142857,0.0,0.02857142857142857,0.8728534234421593
S397,0cf227aa-4ae0-4c23-8f24-4f6533f3d35b,OPP09,mistral,basic_structured,basic,structured,OPP-115,44.53,0.0716,0.9655172413793104,0.9655172413793104,0.5,0.3809523809523809,0.0,0.034482758620689655,0.8819648664573143
S157,463d2313-6b4a-4741-b390-65d45207dcb7,OPP09,mistral,safety_focused_direct,safety_focused,direct,OPP-115,42.94,0.1066,0.9743589743589743,0.9743589743589743,0.7142857142857143,0.2142857142857142,0.0,0.02564102564102564,0.8430116661848166
S349,6ee4bb81-b890-4f00-a4bd-60977ebf1a3c,OPP09,mistral,safety_focused_role_guided,safety_focused,role_guided,OPP-115,46.61,0.0981,0.9736842105263158,0.9736842105263158,0.6904761904761905,0.238095238095238,0.0,0.02631578947368421,0.8474627709702441
S205,b738e388-c830-4a74-b473-d855251ce32c,OPP09,mistral,safety_focused_structured,safety_focused,structured,OPP-115,40.0,0.0932,0.96875,0.96875,0.6309523809523809,0.3095238095238095,0.0,0.03125,0.8289020089432597
S332,88161d15-cad9-4d7b-8dae-2cef5b8aab83,OPP10,gpt,basic_direct,basic,direct,OPP-115,36.72,0.1334,1.0,1.0,0.99,0.0,0.0,0.0,0.85620433125231
S222,375f050d-3814-49dc-b05e-f0f0bc09ab42,OPP10,gpt,basic_role_guided,basic,role_guided,OPP-115,42.01,0.127,1.0,1.0,0.92,0.06,0.0,0.0,0.8753434223122895
S068,e9c817d1-2428-4dca-b7b1-f62779e0c8eb,OPP10,gpt,basic_structured,basic,structured,OPP-115,33.25,0.1347,1.0,1.0,0.91,0.08,0.0,0.0,0.8798664644496833
S143,fee4101d-7d1e-41d7-99d1-30d9e8d0e894,OPP10,gpt,safety_focused_direct,safety_focused,direct,OPP-115,26.07,0.2926,1.0,1.0,1.0,0.0,0.0,0.0,0.8924170062212008
S108,abbd2cee-d728-435c-b362-65a8e6fb78f2,OPP10,gpt,safety_focused_role_guided,safety_focused,role_guided,OPP-115,24.62,0.3267,1.0,1.0,1.0,0.0,0.0,0.0,0.8764060986787081
S138,b65dde29-5bcb-4130-95b5-9675dfe4f034,OPP10,gpt,safety_focused_structured,safety_focused,structured,OPP-115,24.69,0.2852,1.0,1.0,1.0,0.0,0.0,0.0,0.8726712586906027
S148,3eb39cd6-11f3-4ff9-9568-0ac1ea2e8e8e,OPP10,llama,basic_direct,basic,direct,OPP-115,33.18,0.0574,0.9,0.95,0.36,0.62,0.1,0.0,0.7823408007621765
S440,8fbd4192-3ef3-49c3-803b-e58c128e234e,OPP10,llama,basic_role_guided,basic,role_guided,OPP-115,43.58,0.0554,0.9230769230769231,0.9615384615384616,0.18,0.66,0.07692307692307693,0.0,0.8987762773266206
S192,b7ddb5d1-47c6-42d0-b0ec-2f2927bde4d6,OPP10,llama,basic_structured,basic,structured,OPP-115,47.84,0.0526,0.9230769230769231,0.9615384615384616,0.24,0.7,0.07692307692307693,0.0,0.8904416904999659
S211,6e31ff5c-92be-4d31-9aa7-9b3a227119ac,OPP10,llama,safety_focused_direct,safety_focused,direct,OPP-115,42.42,0.0521,1.0,1.0,0.35,0.6,0.0,0.0,0.821514748714187
S171,5da186ce-26b8-45da-bd26-3d4eb872eda3,OPP10,llama,safety_focused_role_guided,safety_focused,role_guided,OPP-115,43.97,0.0617,0.9285714285714286,0.9642857142857143,0.31,0.64,0.07142857142857142,0.0,0.9162448006016868
S202,c74f2bcd-0ab0-4682-94f7-7f6a536ca0a0,OPP10,llama,safety_focused_structured,safety_focused,structured,OPP-115,37.93,0.0542,1.0,1.0,0.22,0.6,0.0,0.0,0.8816934729164297
S345,ff5c29e0-b84c-462c-8f7a-f67e679e46a9,OPP10,mistral,basic_direct,basic,direct,OPP-115,45.93,0.0788,0.9047619047619048,0.9523809523809523,0.43,0.5,0.09523809523809523,0.0,0.8844720607712155
S173,ba4b5a3a-9987-4869-ab05-dc85651eefe0,OPP10,mistral,basic_role_guided,basic,role_guided,OPP-115,53.96,0.0711,1.0,1.0,0.34,0.54,0.0,0.0,0.8310141715813767
S018,a54d597c-71e1-48cc-99ea-433ee4ac9ee2,OPP10,mistral,basic_structured,basic,structured,OPP-115,52.05,0.1022,0.967741935483871,0.9838709677419355,0.52,0.44,0.03225806451612903,0.0,0.8054567296658793
S430,a7e4ded4-9cde-4a0b-ac14-4a96ee2092b0,OPP10,mistral,safety_focused_direct,safety_focused,direct,OPP-115,56.05,0.0818,1.0,1.0,0.49,0.5,0.0,0.0,0.9068750406801701
S276,a9bfb506-e4cb-4b32-8af6-4b764db13e95,OPP10,mistral,safety_focused_role_guided,safety_focused,role_guided,OPP-115,47.51,0.1016,1.0,1.0,0.45,0.46,0.0,0.0,0.7541799192937712
S043,9d8effd6-db36-4c04-af46-c4c279d5dc96,OPP10,mistral,safety_focused_structured,safety_focused,structured,OPP-115,52.24,0.1044,1.0,1.0,0.57,0.4,0.0,0.0,0.8351663908688352
S295,163f2b4a-c413-454d-9aab-23e1bb4a14b1,OPP11,gpt,basic_direct,basic,direct,OPP-115,35.97,0.3128,0.9565217391304348,0.9565217391304348,0.868421052631579,0.0526315789473684,0.0,0.043478260869565216,0.9475462799486907
S263,bbe077e1-f865-4a8d-9719-db0d16cc9be4,OPP11,gpt,basic_role_guided,basic,role_guided,OPP-115,34.61,0.2826,1.0,1.0,0.9736842105263158,0.0,0.0,0.0,0.9584740459918976
S259,e7ca5a99-775d-4ebc-8be2-6b0f08678ba0,OPP11,gpt,basic_structured,basic,structured,OPP-115,36.67,0.3233,0.9166666666666666,0.9166666666666666,0.9210526315789472,0.0526315789473684,0.0,0.08333333333333333,0.8249353204543391
S072,df84b62a-75d5-46d6-a006-786fc03ca7a2,OPP11,gpt,safety_focused_direct,safety_focused,direct,OPP-115,36.59,0.4565,1.0,1.0,0.9736842105263158,0.0,0.0,0.0,0.9354627819791916
S181,3c5c3109-552c-4288-8117-2026cec08297,OPP11,gpt,safety_focused_role_guided,safety_focused,role_guided,OPP-115,30.41,0.4369,0.9666666666666667,0.9833333333333333,0.9736842105263158,0.0,0.03333333333333333,0.0,0.9349014282226562
S053,7192927c-8cd4-444c-820a-a3530932b606,OPP11,gpt,safety_focused_structured,safety_focused,structured,OPP-115,31.72,0.4341,1.0,1.0,0.9736842105263158,0.0,0.0,0.0,0.9533806973033481
S011,cf108911-e486-45a1-9bb7-871d92ee1aae,OPP11,llama,basic_direct,basic,direct,OPP-115,33.91,0.1907,1.0,1.0,0.4736842105263157,0.4210526315789473,0.0,0.0,0.9729811946551005
S331,089a429c-653e-4d4f-ab90-0416c83be3e0,OPP11,llama,basic_role_guided,basic,role_guided,OPP-115,41.14,0.1676,1.0,1.0,0.3421052631578947,0.4736842105263157,0.0,0.0,0.9608992785215378
S177,d0a62f29-e06e-461c-aafd-8db6be0edb4b,OPP11,llama,basic_structured,basic,structured,OPP-115,39.71,0.202,1.0,1.0,0.5,0.3684210526315789,0.0,0.0,0.9734170387188593
S121,84031ec0-0a7b-4fa1-b146-e937cf95ebfa,OPP11,llama,safety_focused_direct,safety_focused,direct,OPP-115,32.89,0.2532,1.0,1.0,0.5526315789473685,0.2105263157894736,0.0,0.0,0.968022616704305
S097,4748b93b-97fb-46dc-8b65-fe0d2d1fe316,OPP11,llama,safety_focused_role_guided,safety_focused,role_guided,OPP-115,33.34,0.27,1.0,1.0,0.631578947368421,0.1578947368421052,0.0,0.0,0.9626531561215719
S082,785c93e9-e481-4310-b649-12b825bf9f4b,OPP11,llama,safety_focused_structured,safety_focused,structured,OPP-115,41.64,0.2062,1.0,1.0,0.5263157894736842,0.3157894736842105,0.0,0.0,0.9683639194284167
S047,154302db-fd44-47bd-ae84-e281fd714467,OPP11,mistral,basic_direct,basic,direct,OPP-115,47.11,0.3177,0.9047619047619048,0.9285714285714286,0.7894736842105263,0.1052631578947368,0.047619047619047616,0.047619047619047616,0.9132467611205011
S362,f675e09f-0f8c-4b54-91fd-de2187c653b5,OPP11,mistral,basic_role_guided,basic,role_guided,OPP-115,52.26,0.4292,1.0,1.0,0.8947368421052632,0.0526315789473684,0.0,0.0,0.9301216060465033
S476,89930bca-8e85-4186-885b-2acf6f05d474,OPP11,mistral,basic_structured,basic,structured,OPP-115,46.4,0.2623,1.0,1.0,0.7105263157894737,0.1578947368421052,0.0,0.0,0.9165309203995599
S188,1794a779-cb11-472f-86e3-10b202043f2f,OPP11,mistral,safety_focused_direct,safety_focused,direct,OPP-115,38.29,0.3184,1.0,1.0,0.7631578947368421,0.1052631578947368,0.0,0.0,0.9297493626089657
S265,a0258b69-5732-4901-ad31-e0e6484407f6,OPP11,mistral,safety_focused_role_guided,safety_focused,role_guided,OPP-115,48.78,0.3485,0.96,0.98,0.9473684210526316,0.0,0.04,0.0,0.9376604461669922
S423,8710ef1c-6dd1-43d5-9a85-7969cd4963f3,OPP11,mistral,safety_focused_structured,safety_focused,structured,OPP-115,46.53,0.3212,1.0,1.0,0.7105263157894737,0.1052631578947368,0.0,0.0,0.9341201469302177
S239,bc9f3fbc-dec4-402e-b6cd-521afdd9ed70,OPP12,gpt,basic_direct,basic,direct,OPP-115,24.14,0.1472,1.0,1.0,0.7285714285714285,0.2285714285714285,0.0,0.0,0.8011366012692451
S062,a39170cc-3178-4621-8d92-db6c518df729,OPP12,gpt,basic_role_guided,basic,role_guided,OPP-115,31.51,0.1769,1.0,1.0,0.8857142857142857,0.0571428571428571,0.0,0.0,0.9088512720806258
S411,e02de74a-380c-4963-87ec-a568cbd1f821,OPP12,gpt,basic_structured,basic,structured,OPP-115,27.39,0.1769,1.0,1.0,0.8428571428571429,0.0571428571428571,0.0,0.0,0.929072483922496
S190,c12c12d8-611c-4260-8b24-6c1f4f656078,OPP12,gpt,safety_focused_direct,safety_focused,direct,OPP-115,27.67,0.2788,1.0,1.0,0.9428571428571428,0.0285714285714285,0.0,0.0,0.9199915887632718
S225,84ca7efb-3247-41d7-88f3-8cf50872919e,OPP12,gpt,safety_focused_role_guided,safety_focused,role_guided,OPP-115,30.35,0.2691,1.0,1.0,0.9571428571428572,0.0,0.0,0.0,0.909976130232532
S128,2691e501-39f0-4cb6-8c88-be57355c2db9,OPP12,gpt,safety_focused_structured,safety_focused,structured,OPP-115,31.1,0.2901,1.0,1.0,0.9857142857142858,0.0,0.0,0.0,0.9273419049210273
S207,b2f1e93e-c436-4a4c-93f8-610dcc420639,OPP12,llama,basic_direct,basic,direct,OPP-115,43.72,0.072,1.0,1.0,0.2571428571428571,0.5714285714285714,0.0,0.0,0.8347811647332631
S215,cdc71cae-893c-4d9b-a8af-49a30fe0f206,OPP12,llama,basic_role_guided,basic,role_guided,OPP-115,46.89,0.083,0.8571428571428571,0.9285714285714286,0.2571428571428571,0.5714285714285714,0.14285714285714285,0.0,0.9066963302237647
S070,012660ae-51f6-4155-9e29-e825303e92d7,OPP12,llama,basic_structured,basic,structured,OPP-115,31.67,0.0731,1.0,1.0,0.2428571428571428,0.6,0.0,0.0,0.8612196120348844
S474,bce40501-fe63-4ded-8ace-319bd67504e4,OPP12,llama,safety_focused_direct,safety_focused,direct,OPP-115,26.43,0.1046,1.0,1.0,0.3428571428571428,0.5428571428571428,0.0,0.0,0.8633723879853884
S480,adc7bb32-1a25-4051-8e86-c4f1b508c311,OPP12,llama,safety_focused_role_guided,safety_focused,role_guided,OPP-115,31.4,0.131,0.9545454545454546,0.9772727272727273,0.5571428571428572,0.3428571428571428,0.045454545454545456,0.0,0.9047629128802906
S029,0c5945ac-3c08-4c21-8a65-2e9a0d996218,OPP12,llama,safety_focused_structured,safety_focused,structured,OPP-115,38.79,0.0911,1.0,1.0,0.2714285714285714,0.5428571428571428,0.0,0.0,0.9359774390856425
S221,7f49a914-0adf-48c5-8979-934a77ee59f3,OPP12,mistral,basic_direct,basic,direct,OPP-115,54.68,0.1057,1.0,1.0,0.4571428571428571,0.4,0.0,0.0,0.8577246430673098
S122,fcf9655b-00a0-4b64-a201-4e3f3d8451b6,OPP12,mistral,basic_role_guided,basic,role_guided,OPP-115,56.75,0.1043,1.0,1.0,0.6571428571428571,0.3142857142857143,0.0,0.0,0.8664492774932158
S409,009ca923-7eff-41ff-96b9-80a3c3de7414,OPP12,mistral,basic_structured,basic,structured,OPP-115,46.98,0.0927,0.95,0.95,0.5,0.4,0.0,0.05,0.9186061069369316
S019,e8d77686-c9fc-426b-9981-2acf72883253,OPP12,mistral,safety_focused_direct,safety_focused,direct,OPP-115,48.1,0.1097,1.0,1.0,0.5714285714285714,0.3142857142857143,0.0,0.0,0.7590472685794035
S450,57c9641d-8930-4879-a129-1d102aab4922,OPP12,mistral,safety_focused_role_guided,safety_focused,role_guided,OPP-115,53.59,0.1426,1.0,1.0,0.7285714285714285,0.2285714285714285,0.0,0.0,0.8020053766667843
S131,06179881-7175-41b9-a4ca-ee2ae7bb12ff,OPP12,mistral,safety_focused_structured,safety_focused,structured,OPP-115,38.72,0.1046,1.0,1.0,0.6142857142857143,0.3142857142857143,0.0,0.0,0.8918588828472864
S455,035c058e-cdf0-4618-b946-d5c1361bae85,OPP13,gpt,basic_direct,basic,direct,OPP-115,39.39,0.6301,1.0,1.0,1.0,0.0,0.0,0.0,0.9773236640862056
S120,244206dd-ab85-4dd5-9eb7-8aed4aa731d1,OPP13,gpt,basic_role_guided,basic,role_guided,OPP-115,40.15,0.6187,1.0,1.0,1.0,0.0,0.0,0.0,0.9745773843356541
S415,6bb8ea66-54be-4858-bfd2-be943c5e9eef,OPP13,gpt,basic_structured,basic,structured,OPP-115,36.73,0.5708,1.0,1.0,1.0,0.0,0.0,0.0,0.9781502164327182
S184,f07461fe-a194-4e39-93b5-bd85e6c7c149,OPP13,gpt,safety_focused_direct,safety_focused,direct,OPP-115,37.45,0.8288,1.0,1.0,1.0,0.0,0.0,0.0,0.9795931689441204
S114,9ef3319a-6a96-4f3f-9164-a135f6b5a0b7,OPP13,gpt,safety_focused_role_guided,safety_focused,role_guided,OPP-115,36.35,0.8402,1.0,1.0,1.0,0.0,0.0,0.0,0.9808553457260132
S356,4a9dc4c1-fc3e-47c7-9268-f7537f307e81,OPP13,gpt,safety_focused_structured,safety_focused,structured,OPP-115,32.89,0.8242,1.0,1.0,1.0,0.0,0.0,0.0,0.9801411787668864
S445,4eb363de-77a3-4728-90aa-160cd6fc0064,OPP13,llama,basic_direct,basic,direct,OPP-115,35.0,0.5411,0.9,0.95,0.6875,0.1875,0.1,0.0,0.9685453593730926
S438,dab175e4-a440-40d5-b756-6d80a79e897e,OPP13,llama,basic_role_guided,basic,role_guided,OPP-115,41.56,0.7945,0.6666666666666666,0.8333333333333334,0.71875,0.0625,0.3333333333333333,0.0,0.971914013226827
S376,437570ec-c76b-4992-b52d-af8a0e04cd00,OPP13,llama,basic_structured,basic,structured,OPP-115,38.04,0.468,0.875,0.9375,0.59375,0.25,0.125,0.0,0.9655178636312485
S248,3fc49c3b-f770-4bb7-b61f-bb582ab6ea5c,OPP13,llama,safety_focused_direct,safety_focused,direct,OPP-115,34.85,0.5776,1.0,1.0,0.65625,0.1875,0.0,0.0,0.9542788598272536
S388,f0816d3d-4184-4dde-9bfa-817524fff65f,OPP13,llama,safety_focused_role_guided,safety_focused,role_guided,OPP-115,36.86,0.7123,0.9333333333333333,0.9666666666666667,0.75,0.125,0.06666666666666667,0.0,0.9313545783360799
S203,7dcc5550-31ab-4971-a670-69fea068e57f,OPP13,llama,safety_focused_structured,safety_focused,structured,OPP-115,33.08,0.4863,0.8888888888888888,0.9444444444444444,0.71875,0.1875,0.1111111111111111,0.0,0.9672598640124003
S050,0fe63ae9-78de-4d92-834b-936e2040c772,OPP13,mistral,basic_direct,basic,direct,OPP-115,50.1,0.6233,0.7692307692307693,0.8461538461538461,0.78125,0.125,0.15384615384615385,0.07692307692307693,0.8309959167471299
S269,4c62af7c-8e3f-4903-b079-83ef143ce8c2,OPP13,mistral,basic_role_guided,basic,role_guided,OPP-115,57.4,0.7374,0.8888888888888888,0.9166666666666666,0.9375,0.0625,0.05555555555555555,0.05555555555555555,0.9568314386738671
S268,fa8de1cc-40d3-44be-9a1f-73a5fb3e8be8,OPP13,mistral,basic_structured,basic,structured,OPP-115,42.89,0.5913,0.8461538461538461,0.8846153846153846,0.84375,0.0625,0.07692307692307693,0.07692307692307693,0.8857854192073529
S410,8082f2f8-b047-4118-85df-8c10a7d6654c,OPP13,mistral,safety_focused_direct,safety_focused,direct,OPP-115,49.74,0.79,0.9411764705882353,0.9411764705882353,0.9375,0.0625,0.0,0.058823529411764705,0.9606680238948149
S227,7b3735f8-50d1-4efc-8ee0-3303072767c9,OPP13,mistral,safety_focused_role_guided,safety_focused,role_guided,OPP-115,54.12,0.6347,0.9333333333333333,0.9666666666666667,0.9375,0.0625,0.06666666666666667,0.0,0.8939243639508884
S247,53d547d7-9863-400f-9997-91afc4da7809,OPP13,mistral,safety_focused_structured,safety_focused,structured,OPP-115,48.58,0.5913,1.0,1.0,0.875,0.0625,0.0,0.0,0.8769427684268781
S354,e27dbfe1-57d0-4f3f-9f28-a58b84fa84c0,OPP14,gpt,basic_direct,basic,direct,OPP-115,26.03,0.1864,1.0,1.0,0.7916666666666666,0.1666666666666666,0.0,0.0,0.902825162090637
S335,f9e26e8a-48ba-4fad-af6d-2eb216f56bb3,OPP14,gpt,basic_role_guided,basic,role_guided,OPP-115,28.1,0.2099,1.0,1.0,0.8020833333333334,0.0833333333333333,0.0,0.0,0.8581784648159819
S461,b05f49b3-a048-439e-9e3e-8f6b7c4258e5,OPP14,gpt,basic_structured,basic,structured,OPP-115,23.73,0.2178,1.0,1.0,0.90625,0.0833333333333333,0.0,0.0,0.8909586416557431
S382,00118e84-5914-4c20-a36e-bfd1962294b0,OPP14,gpt,safety_focused_direct,safety_focused,direct,OPP-115,24.5,0.3821,1.0,1.0,1.0,0.0,0.0,0.0,0.9491846583106301
S030,ec21a7aa-88c6-4977-9280-f7f692162b19,OPP14,gpt,safety_focused_role_guided,safety_focused,role_guided,OPP-115,26.38,0.3928,1.0,1.0,0.9895833333333334,0.0,0.0,0.0,0.944735028953464
S393,027c3105-c841-45d4-9828-a32e42b9a5f0,OPP14,gpt,safety_focused_structured,safety_focused,structured,OPP-115,22.93,0.3586,1.0,1.0,1.0,0.0,0.0,0.0,0.9157039936955856
S134,0f049654-da94-4434-af35-af44d1a59df2,OPP14,llama,basic_direct,basic,direct,OPP-115,11.61,0.0894,1.0,1.0,0.3541666666666667,0.5833333333333334,0.0,0.0,0.7652228962291371
S196,1e73561c-9798-4656-9a9d-5dedf0639ded,OPP14,llama,basic_role_guided,basic,role_guided,OPP-115,22.74,0.1294,0.9375,0.96875,0.34375,0.625,0.0625,0.0,0.9180206581950188
S374,9d06e3e2-0ebb-46ce-8693-4029afac427a,OPP14,llama,basic_structured,basic,structured,OPP-115,27.24,0.0996,1.0,1.0,0.3645833333333333,0.6041666666666666,0.0,0.0,0.8235341180115938
S337,e4998c09-c946-4325-8f8e-05f38884f323,OPP14,llama,safety_focused_direct,safety_focused,direct,OPP-115,21.43,0.1271,0.8571428571428571,0.9285714285714286,0.3854166666666667,0.5833333333333334,0.14285714285714285,0.0,0.8168470509616392
S273,f64c2e75-4350-4ce7-945d-136606e2ddc7,OPP14,llama,safety_focused_role_guided,safety_focused,role_guided,OPP-115,31.43,0.1722,1.0,1.0,0.375,0.5416666666666666,0.0,0.0,0.8949849389138675
S185,28e598ad-d9db-4cae-af5c-c96fb2a3c523,OPP14,llama,safety_focused_structured,safety_focused,structured,OPP-115,25.27,0.1252,0.8571428571428571,0.9285714285714286,0.3541666666666667,0.5833333333333334,0.14285714285714285,0.0,0.7673660071034517
S412,62b87049-9e4e-4ac7-8921-cd87836467e5,OPP14,mistral,basic_direct,basic,direct,OPP-115,50.58,0.1579,0.95,0.95,0.5208333333333334,0.4375,0.0,0.05,0.9035632476210594
S110,fbf4b297-7c42-4a8f-ad2f-85dd0894b1c2,OPP14,mistral,basic_role_guided,basic,role_guided,OPP-115,48.8,0.1468,0.9545454545454546,0.9772727272727273,0.5520833333333334,0.3541666666666667,0.045454545454545456,0.0,0.8571241159330715
S416,692b43b2-57f5-4c74-af72-5906b468e6f1,OPP14,mistral,basic_structured,basic,structured,OPP-115,52.02,0.1091,0.8823529411764706,0.9117647058823529,0.5104166666666666,0.4375,0.058823529411764705,0.058823529411764705,0.8857951023999382
S318,81677636-db59-4df0-ae75-adb0da5ace31,OPP14,mistral,safety_focused_direct,safety_focused,direct,OPP-115,40.97,0.22,0.9666666666666667,0.9833333333333333,0.6979166666666666,0.2916666666666667,0.03333333333333333,0.0,0.9112600286801656
S129,f51aae86-15f9-426f-8682-9295a9a8e020,OPP14,mistral,safety_focused_role_guided,safety_focused,role_guided,OPP-115,48.11,0.1753,0.9130434782608695,0.9347826086956522,0.6458333333333334,0.2708333333333333,0.043478260869565216,0.043478260869565216,0.7459439855554829
S390,5fa8c08b-4247-482f-98ad-c6fd84242fee,OPP14,mistral,safety_focused_structured,safety_focused,structured,OPP-115,41.13,0.1373,0.9047619047619048,0.9523809523809523,0.5104166666666666,0.3958333333333333,0.09523809523809523,0.0,0.8127693831920624
S014,541a3600-67f8-46ea-a1ac-4d1d76930ccf,OPP15,gpt,basic_direct,basic,direct,OPP-115,26.3,0.1285,1.0,1.0,0.8043478260869565,0.1956521739130435,0.0,0.0,0.8683989537326066
S272,26a2bb40-cebe-4000-89bf-cb1f28d83e47,OPP15,gpt,basic_role_guided,basic,role_guided,OPP-115,30.16,0.1282,1.0,1.0,0.7065217391304348,0.2826086956521739,0.0,0.0,0.6767170172990173
S341,1d47fe23-94ed-411a-8430-278b83b65db7,OPP15,gpt,basic_structured,basic,structured,OPP-115,28.96,0.1561,1.0,1.0,0.8804347826086957,0.0869565217391304,0.0,0.0,0.8858651897947615
S044,fc962877-b012-4e3c-8a2a-c16ec8d3e739,OPP15,gpt,safety_focused_direct,safety_focused,direct,OPP-115,23.48,0.2936,1.0,1.0,0.9565217391304348,0.0434782608695652,0.0,0.0,0.900967712211725
S418,be8473a0-e020-453c-bda5-1de9efd89935,OPP15,gpt,safety_focused_role_guided,safety_focused,role_guided,OPP-115,24.42,0.2487,1.0,1.0,0.9239130434782608,0.0652173913043478,0.0,0.0,0.9105350541120226
S291,2db54198-b1e7-41f4-872a-4ea8f83171dc,OPP15,gpt,safety_focused_structured,safety_focused,structured,OPP-115,23.76,0.1841,1.0,1.0,0.8586956521739131,0.1304347826086956,0.0,0.0,0.8873773392127908
S372,5b1d410e-7427-401f-8b6c-2260990bfcf3,OPP15,llama,basic_direct,basic,direct,OPP-115,25.98,0.0675,1.0,1.0,0.4130434782608695,0.5652173913043478,0.0,0.0,0.8362578731030226
S478,0242cc03-f368-49b6-8844-42c97a4da5f4,OPP15,llama,basic_role_guided,basic,role_guided,OPP-115,25.16,0.0587,1.0,1.0,0.4130434782608695,0.5434782608695652,0.0,0.0,0.7996009313143216
S020,5065f84f-0d20-47ab-9d8e-8125b232899c,OPP15,llama,basic_structured,basic,structured,OPP-115,38.49,0.0602,1.0,1.0,0.3369565217391304,0.6304347826086957,0.0,0.0,0.9038388373123275
S010,6354d1e8-8ab0-4378-bafc-2ee498eb503f,OPP15,llama,safety_focused_direct,safety_focused,direct,OPP-115,28.01,0.0649,1.0,1.0,0.4021739130434782,0.5869565217391305,0.0,0.0,0.8606850544611613
S125,5a69bf0b-853e-4c58-8210-c32aa00849e7,OPP15,llama,safety_focused_role_guided,safety_focused,role_guided,OPP-115,28.66,0.0729,1.0,1.0,0.2608695652173913,0.6086956521739131,0.0,0.0,0.8987845923555525
S119,6309ee3f-1cc7-4ad6-9696-130a38bdb099,OPP15,llama,safety_focused_structured,safety_focused,structured,OPP-115,30.34,0.0633,0.9285714285714286,0.9642857142857143,0.3478260869565217,0.5869565217391305,0.07142857142857142,0.0,0.8874111752957106
S189,685489a6-eb86-44d2-ad90-9801aeb8424c,OPP15,mistral,basic_direct,basic,direct,OPP-115,46.49,0.0786,0.9565217391304348,0.9782608695652174,0.5108695652173914,0.4130434782608695,0.043478260869565216,0.0,0.6724604585248491
S473,9996a09a-4c54-4596-b387-21bf912bc4b7,OPP15,mistral,basic_role_guided,basic,role_guided,OPP-115,46.55,0.0544,0.8823529411764706,0.9117647058823529,0.4021739130434782,0.5217391304347826,0.058823529411764705,0.058823529411764705,0.6305747384972432
S300,a283e76e-3812-4b54-83f3-c05f85e53fb4,OPP15,mistral,basic_structured,basic,structured,OPP-115,54.85,0.0561,0.85,0.9,0.532608695652174,0.4130434782608695,0.1,0.05,0.8059750706888735
S093,db86132d-7ba0-4093-936e-78c58a8ab9aa,OPP15,mistral,safety_focused_direct,safety_focused,direct,OPP-115,35.2,0.084,1.0,1.0,0.5108695652173914,0.4130434782608695,0.0,0.0,0.6238651843741536
S387,21099b1b-efc9-4f2c-8291-8917272c7dc5,OPP15,mistral,safety_focused_role_guided,safety_focused,role_guided,OPP-115,45.77,0.0871,1.0,1.0,0.5543478260869565,0.3695652173913043,0.0,0.0,0.7779521280899644
S486,ddfa6c50-9be7-4d8b-a73e-d89585c7e42a,OPP15,mistral,safety_focused_structured,safety_focused,structured,OPP-115,43.37,0.0723,1.0,1.0,0.532608695652174,0.3478260869565217,0.0,0.0,0.7789814596914727
S151,927c2f80-c931-4faf-ac61-cc9c636b2be0,OPP16,gpt,basic_direct,basic,direct,OPP-115,29.95,0.238,1.0,1.0,0.8589743589743589,0.0769230769230769,0.0,0.0,0.9257317632436752
S334,89d12771-b486-4d01-96ec-79dc20c51499,OPP16,gpt,basic_role_guided,basic,role_guided,OPP-115,39.43,0.2531,1.0,1.0,0.782051282051282,0.1794871794871795,0.0,0.0,0.9281272417732648
S058,32ff15e6-4ffe-442b-94e4-29ee98391567,OPP16,gpt,basic_structured,basic,structured,OPP-115,34.32,0.2477,1.0,1.0,0.8333333333333334,0.1538461538461538,0.0,0.0,0.9028276899649251
S381,c4dc4745-c7d7-4277-b928-ad4674073ad8,OPP16,gpt,safety_focused_direct,safety_focused,direct,OPP-115,30.09,0.3159,1.0,1.0,0.7948717948717948,0.2051282051282051,0.0,0.0,0.9697372720048234
S454,37c9b5e6-6cde-40f7-8d89-5178281c2d3f,OPP16,gpt,safety_focused_role_guided,safety_focused,role_guided,OPP-115,34.51,0.3116,1.0,1.0,0.8589743589743589,0.1282051282051282,0.0,0.0,0.9571251276789642
S290,bd54bb2c-edc5-4613-91be-8b8af52ebc3b,OPP16,gpt,safety_focused_structured,safety_focused,structured,OPP-115,33.29,0.3093,1.0,1.0,0.8461538461538461,0.1538461538461538,0.0,0.0,0.9711662301650414
S383,6d20c497-c1b4-4dfd-8866-87ee6267494b,OPP16,llama,basic_direct,basic,direct,OPP-115,34.1,0.1143,1.0,1.0,0.3846153846153846,0.6153846153846154,0.0,0.0,0.9497639995354873
S452,6d6565d1-4e50-449d-bf91-3c2243b91fdf,OPP16,llama,basic_role_guided,basic,role_guided,OPP-115,34.74,0.1426,1.0,1.0,0.3974358974358974,0.5128205128205128,0.0,0.0,0.9268284632879145
S096,d50bf073-90d3-42f8-953c-bdf96823cdde,OPP16,llama,basic_structured,basic,structured,OPP-115,37.51,0.114,0.8333333333333334,0.875,0.2564102564102564,0.6666666666666666,0.08333333333333333,0.08333333333333333,0.9737386405467987
S025,7b954cc5-1ac4-4926-bdfe-5bb6a2c3f13a,OPP16,llama,safety_focused_direct,safety_focused,direct,OPP-115,34.62,0.1407,1.0,1.0,0.2948717948717949,0.6666666666666666,0.0,0.0,0.9655762740543911
S347,8159589d-5d6f-4898-851c-b3706bc57d77,OPP16,llama,safety_focused_role_guided,safety_focused,role_guided,OPP-115,33.08,0.1384,0.9285714285714286,0.9642857142857143,0.358974358974359,0.5897435897435898,0.07142857142857142,0.0,0.9042297431400844
S008,e5af2fca-3f92-43fe-8a08-82aacba1bad7,OPP16,llama,safety_focused_structured,safety_focused,structured,OPP-115,32.91,0.1217,1.0,1.0,0.3461538461538461,0.6153846153846154,0.0,0.0,0.9477933320132169
S006,15ee92dd-ed30-42b2-8e08-8e76c0f5157e,OPP16,mistral,basic_direct,basic,direct,OPP-115,53.32,0.2,0.9629629629629629,0.9814814814814815,0.6282051282051282,0.3076923076923077,0.037037037037037035,0.0,0.9426147584561948
S013,cae08f10-b857-4089-976c-86001777066e,OPP16,mistral,basic_role_guided,basic,role_guided,OPP-115,49.89,0.1984,0.96,0.98,0.6153846153846154,0.282051282051282,0.04,0.0,0.941866894364357
S049,e3cee2e9-8a8b-4f67-8143-4037854a857d,OPP16,mistral,basic_structured,basic,structured,OPP-115,46.73,0.1605,0.9545454545454546,0.9545454545454546,0.5384615384615384,0.3333333333333333,0.0,0.045454545454545456,0.9510891545902599
S371,b1c63fb1-5eff-4d9c-9e7d-14cf5ca44018,OPP16,mistral,safety_focused_direct,safety_focused,direct,OPP-115,46.64,0.2391,0.9411764705882353,0.9705882352941176,0.8076923076923077,0.0769230769230769,0.058823529411764705,0.0,0.9379912290502997
S197,7f6a1005-6fae-48f9-b0fb-acf02990abaf,OPP16,mistral,safety_focused_role_guided,safety_focused,role_guided,OPP-115,52.89,0.255,0.96875,0.984375,0.7564102564102564,0.2307692307692307,0.03125,0.0,0.8866218598559499
S386,5d2ed447-ca56-4979-b888-c03a5fb0cfdc,OPP16,mistral,safety_focused_structured,safety_focused,structured,OPP-115,41.69,0.1829,1.0,1.0,0.6025641025641025,0.3846153846153846,0.0,0.0,0.9295786470174789
S396,f44c12b0-d3a5-456c-bbea-6bb2c5dc054d,OPP17,gpt,basic_direct,basic,direct,OPP-115,38.36,0.5294,1.0,1.0,0.9090909090909092,0.0454545454545454,0.0,0.0,0.9758625740096682
S255,e4fa5066-c3ce-454a-9363-0edffc6b04a3,OPP17,gpt,basic_role_guided,basic,role_guided,OPP-115,37.55,0.5963,1.0,1.0,0.9545454545454546,0.0454545454545454,0.0,0.0,0.9598745059967041
S483,e5f86702-48fd-4001-83b0-77af87936bf4,OPP17,gpt,basic_structured,basic,structured,OPP-115,36.35,0.512,1.0,1.0,0.9772727272727272,0.0,0.0,0.0,0.9758800977752322
S084,49a3fc94-a0cd-49db-88b7-3d660044a1b4,OPP17,gpt,safety_focused_direct,safety_focused,direct,OPP-115,32.67,0.7888,1.0,1.0,1.0,0.0,0.0,0.0,0.9742564398508805
S141,759b6eab-5e67-466b-bf6f-dd0f99d1a4d7,OPP17,gpt,safety_focused_role_guided,safety_focused,role_guided,OPP-115,34.0,0.758,1.0,1.0,1.0,0.0,0.0,0.0,0.949126653946363
S463,a73f1783-39eb-40cc-a47a-8a3da45acdf0,OPP17,gpt,safety_focused_structured,safety_focused,structured,OPP-115,32.74,0.8235,1.0,1.0,1.0,0.0,0.0,0.0,0.9769783748520745
S351,f9a15cad-6ff1-4b3f-b719-1953ad1ca7dd,OPP17,llama,basic_direct,basic,direct,OPP-115,33.35,0.381,1.0,1.0,0.6363636363636364,0.2272727272727272,0.0,0.0,0.9480325520038605
S435,09c4159b-afc3-4666-9349-7722769485d9,OPP17,llama,basic_role_guided,basic,role_guided,OPP-115,33.82,0.4412,0.9166666666666666,0.9583333333333334,0.6363636363636364,0.1818181818181818,0.08333333333333333,0.0,0.8044851816569766
S324,d1d6653b-e613-4d6b-a1f6-2793ea31b19a,OPP17,llama,basic_structured,basic,structured,OPP-115,34.1,0.4024,0.8333333333333334,0.9166666666666666,0.7045454545454546,0.1818181818181818,0.16666666666666666,0.0,0.9019641866907477
S400,e1681caa-f31a-4b05-83d1-edfe9948b08d,OPP17,llama,safety_focused_direct,safety_focused,direct,OPP-115,36.91,0.4024,1.0,1.0,0.75,0.1818181818181818,0.0,0.0,0.9000890923974415
S436,c8d35afe-3a76-430d-9eba-32fb1faa0125,OPP17,llama,safety_focused_role_guided,safety_focused,role_guided,OPP-115,29.2,0.4866,1.0,1.0,0.8636363636363636,0.0454545454545454,0.0,0.0,0.9185758095521194
S312,a252e0b8-f7c3-4ba0-8f75-b781baf89c1b,OPP17,llama,safety_focused_structured,safety_focused,structured,OPP-115,38.99,0.3676,1.0,1.0,0.6818181818181818,0.2727272727272727,0.0,0.0,0.8977766830163697
S237,bdf6cc8f-5ae0-4ae9-86c1-9ca169f4790e,OPP17,mistral,basic_direct,basic,direct,OPP-115,44.13,0.607,0.9473684210526315,0.9736842105263158,0.8636363636363636,0.0454545454545454,0.05263157894736842,0.0,0.8321799272181172
S168,b6fc70fb-0074-416d-85d7-d498f2394319,OPP17,mistral,basic_role_guided,basic,role_guided,OPP-115,44.54,0.5816,0.8947368421052632,0.9473684210526315,0.7954545454545454,0.0909090909090909,0.10526315789473684,0.0,0.740200297514859
S167,e24515e2-a037-401e-8610-5b93ed0f014b,OPP17,mistral,basic_structured,basic,structured,OPP-115,47.94,0.389,1.0,1.0,0.7954545454545454,0.1363636363636363,0.0,0.0,0.8156755251277771
S158,a4f0b446-a8e5-494c-bd09-c9324917d49a,OPP17,mistral,safety_focused_direct,safety_focused,direct,OPP-115,41.28,0.6671,0.96,0.98,0.8409090909090909,0.0454545454545454,0.04,0.0,0.8878430067002774
S059,7d74836f-6333-4345-8793-d31000bd3609,OPP17,mistral,safety_focused_role_guided,safety_focused,role_guided,OPP-115,39.86,0.627,0.9523809523809523,0.9761904761904762,0.8409090909090909,0.0454545454545454,0.047619047619047616,0.0,0.845403715968132
S426,30ed3995-e1dc-4ce8-8597-614418df33ef,OPP17,mistral,safety_focused_structured,safety_focused,structured,OPP-115,43.66,0.488,0.9411764705882353,0.9705882352941176,0.7954545454545454,0.0909090909090909,0.058823529411764705,0.0,0.7560026486787725
S350,a4c14c75-820b-49d0-b84f-26278133379e,OPP18,gpt,basic_direct,basic,direct,OPP-115,25.32,0.1545,1.0,1.0,0.7285714285714285,0.2571428571428571,0.0,0.0,0.7780382252531126
S234,f48a245b-3616-40bd-b4dc-7dbc1fb6b8bd,OPP18,gpt,basic_role_guided,basic,role_guided,OPP-115,27.82,0.1638,1.0,1.0,0.7428571428571429,0.2571428571428571,0.0,0.0,0.8852425160653451
S313,c86db43e-7b28-4618-a8e3-0e5001fb5200,OPP18,gpt,basic_structured,basic,structured,OPP-115,27.82,0.1593,1.0,1.0,0.7142857142857143,0.2857142857142857,0.0,0.0,0.9223471444428843
S315,23701fc8-8d0d-4f90-b366-e4f8ac0ef677,OPP18,gpt,safety_focused_direct,safety_focused,direct,OPP-115,27.34,0.2794,1.0,1.0,0.8285714285714286,0.1714285714285714,0.0,0.0,0.9278778933550952
S042,1feb4375-8cb5-4e7c-9686-cac872089c93,OPP18,gpt,safety_focused_role_guided,safety_focused,role_guided,OPP-115,29.35,0.2728,1.0,1.0,0.8714285714285714,0.1142857142857142,0.0,0.0,0.9221691522890558
S052,944554d1-50d5-46bb-876c-c8990ad67dfd,OPP18,gpt,safety_focused_structured,safety_focused,structured,OPP-115,27.58,0.2336,1.0,1.0,0.7428571428571429,0.2571428571428571,0.0,0.0,0.9126303883438761
S260,09266b71-c9f7-4185-b5a8-e09f892b0791,OPP18,llama,basic_direct,basic,direct,OPP-115,41.87,0.0936,0.6666666666666666,0.8333333333333334,0.2428571428571428,0.7142857142857143,0.3333333333333333,0.0,0.8510555778940518
S057,271912d9-ca4f-4df1-9a43-30f1cd0a1247,OPP18,llama,basic_role_guided,basic,role_guided,OPP-115,48.34,0.0827,1.0,1.0,0.2,0.7142857142857143,0.0,0.0,0.8581096859914916
S310,2fbbba1e-5300-4020-957e-9e506e8340bf,OPP18,llama,basic_structured,basic,structured,OPP-115,36.68,0.0847,0.8,0.9,0.3571428571428571,0.6,0.2,0.0,0.8123771804074447
S339,9c478d2e-579a-45de-b124-ef9d7fc12ccb,OPP18,llama,safety_focused_direct,safety_focused,direct,OPP-115,34.48,0.1011,0.8823529411764706,0.9411764705882353,0.4285714285714285,0.5714285714285714,0.11764705882352941,0.0,0.8245523791102802
S109,ee3a5b4b-d20c-43d3-804d-b1821bf51be2,OPP18,llama,safety_focused_role_guided,safety_focused,role_guided,OPP-115,39.16,0.0875,0.625,0.75,0.2428571428571428,0.6857142857142857,0.25,0.125,0.8141048694960773
S482,9534269d-7339-43e0-8667-b2601a8ef162,OPP18,llama,safety_focused_structured,safety_focused,structured,OPP-115,31.75,0.0832,0.9230769230769231,0.9615384615384616,0.3857142857142857,0.5428571428571428,0.07692307692307693,0.0,0.8302506030752108
S231,60da9e38-45cc-40a7-b9be-0f760b8c8931,OPP18,mistral,basic_direct,basic,direct,OPP-115,43.96,0.1646,1.0,1.0,0.6428571428571429,0.2571428571428571,0.0,0.0,0.855565874227162
S305,db72b149-70fb-479a-aeae-bdbdb61b8db5,OPP18,mistral,basic_role_guided,basic,role_guided,OPP-115,49.83,0.132,0.96,0.96,0.5142857142857142,0.4,0.0,0.04,0.8199394491314888
S204,e31bcec1-b80e-4c76-9a3e-1fb49e8fb03f,OPP18,mistral,basic_structured,basic,structured,OPP-115,42.03,0.1257,0.95,0.95,0.5285714285714286,0.3714285714285714,0.0,0.05,0.8249647242948412
S229,78c17e04-06d7-4e8e-a200-dbbd552341a3,OPP18,mistral,safety_focused_direct,safety_focused,direct,OPP-115,42.31,0.1934,0.972972972972973,0.972972972972973,0.8571428571428571,0.1428571428571428,0.0,0.02702702702702703,0.8808927767582841
S288,22329867-30b3-4340-a13b-87092277c8a1,OPP18,mistral,safety_focused_role_guided,safety_focused,role_guided,OPP-115,48.72,0.2268,0.9767441860465116,0.9767441860465116,0.6571428571428571,0.2857142857142857,0.0,0.023255813953488372,0.8658895014330398
S472,dea12b26-7d11-412c-ae65-7ec47b337f64,OPP18,mistral,safety_focused_structured,safety_focused,structured,OPP-115,40.14,0.1737,0.9354838709677419,0.9354838709677419,0.6428571428571429,0.3142857142857143,0.0,0.06451612903225806,0.8322545917284104
S447,c3dc4d8a-2eb3-4187-ae57-9bed1b38c414,OPP19,gpt,basic_direct,basic,direct,OPP-115,31.75,0.4752,1.0,1.0,0.9264705882352942,0.0588235294117647,0.0,0.0,0.8275625040897956
S304,fdb83823-f0b0-4a37-ab4c-1f709f1271dd,OPP19,gpt,basic_role_guided,basic,role_guided,OPP-115,34.98,0.3979,0.9545454545454546,0.9772727272727273,0.8088235294117647,0.1470588235294117,0.045454545454545456,0.0,0.8491337163881822
S017,c887ee04-1ec8-4c5e-ae45-eae35929aa0e,OPP19,gpt,basic_structured,basic,structured,OPP-115,36.08,0.4144,0.9166666666666666,0.9583333333333334,0.9117647058823528,0.088235294117647,0.08333333333333333,0.0,0.8195753979186217
S385,63a0d21e-de17-4b89-a37d-c6c8201eb4f2,OPP19,gpt,safety_focused_direct,safety_focused,direct,OPP-115,23.84,0.6116,1.0,1.0,0.9558823529411764,0.0294117647058823,0.0,0.0,0.8907156279010158
S063,b55157bf-a2f1-4519-bd56-2828951e4af6,OPP19,gpt,safety_focused_role_guided,safety_focused,role_guided,OPP-115,29.26,0.6073,1.0,1.0,0.9852941176470588,0.0,0.0,0.0,0.890282497741282
S085,c774d7a5-f174-4615-85a0-7333c42bcddc,OPP19,gpt,safety_focused_structured,safety_focused,structured,OPP-115,29.14,0.6334,1.0,1.0,0.9705882352941176,0.0294117647058823,0.0,0.0,0.8970123716763088
S453,f17a01a6-8d18-4946-80b7-b5b154ab3e41,OPP19,llama,basic_direct,basic,direct,OPP-115,43.94,0.2563,1.0,1.0,0.4117647058823529,0.4705882352941176,0.0,0.0,0.7729259133338928
S314,006f0708-b27e-48e6-bfde-a089e5122501,OPP19,llama,basic_role_guided,basic,role_guided,OPP-115,48.8,0.2728,1.0,1.0,0.3676470588235294,0.5294117647058824,0.0,0.0,0.7670215343435606
S266,aa34311b-c2a0-4a90-a688-a8d737fa7801,OPP19,llama,basic_structured,basic,structured,OPP-115,47.53,0.252,1.0,1.0,0.4705882352941176,0.4411764705882353,0.0,0.0,0.7853277362883091
S240,ea4dc0fb-1851-49fb-8da2-fb8d51bf755a,OPP19,llama,safety_focused_direct,safety_focused,direct,OPP-115,37.98,0.2841,1.0,1.0,0.5441176470588235,0.3529411764705882,0.0,0.0,0.8813657921094161
S195,7ae2ab34-96b3-4cf7-8537-c3a3f7ffceb4,OPP19,llama,safety_focused_role_guided,safety_focused,role_guided,OPP-115,37.95,0.2919,1.0,1.0,0.5882352941176471,0.3529411764705882,0.0,0.0,0.8694952151605061
S021,033bed4d-3e32-4ae7-987c-f742eb131e8e,OPP19,llama,safety_focused_structured,safety_focused,structured,OPP-115,37.2,0.2884,1.0,1.0,0.5441176470588235,0.3823529411764705,0.0,0.0,0.8820492969109461
S378,f721bbab-a3bd-48f1-ad47-24a2bb925029,OPP19,mistral,basic_direct,basic,direct,OPP-115,43.28,0.4839,0.8846153846153846,0.9423076923076923,0.9117647058823528,0.0588235294117647,0.11538461538461539,0.0,0.8737969930068805
S201,ba08c46b-02cc-4cc4-bfbc-34ca1e795526,OPP19,mistral,basic_role_guided,basic,role_guided,OPP-115,47.34,0.4666,0.782608695652174,0.8695652173913043,0.8088235294117647,0.1176470588235294,0.17391304347826086,0.043478260869565216,0.7105890888234844
S112,b38803af-9c9b-4815-b5ec-758c1f6508a2,OPP19,mistral,basic_structured,basic,structured,OPP-115,48.98,0.4275,0.875,0.9166666666666666,0.8676470588235294,0.088235294117647,0.08333333333333333,0.041666666666666664,0.7240566207716862
S398,5a8f38fd-97b6-45fd-9a2e-d72b25b63899,OPP19,mistral,safety_focused_direct,safety_focused,direct,OPP-115,45.17,0.5222,0.896551724137931,0.9137931034482759,0.8676470588235294,0.1176470588235294,0.034482758620689655,0.06896551724137931,0.7258073248226067
S327,8f07d891-2fb6-48b9-9527-13bf8bd3eb32,OPP19,mistral,safety_focused_role_guided,safety_focused,role_guided,OPP-115,45.81,0.6177,0.9411764705882353,0.9558823529411765,0.9264705882352942,0.0588235294117647,0.029411764705882353,0.029411764705882353,0.764711905928219
S466,e9eb00a8-4261-4f9f-8a75-c27793651dc3,OPP19,mistral,safety_focused_structured,safety_focused,structured,OPP-115,44.36,0.3553,0.9444444444444444,0.9722222222222222,0.6617647058823529,0.2941176470588235,0.05555555555555555,0.0,0.8023281674832106
S477,1c45b093-e0e5-4fde-bdfd-a2ba6ccdf94e,OPP20,gpt,basic_direct,basic,direct,OPP-115,28.74,0.2728,1.0,1.0,0.9069767441860463,0.0697674418604651,0.0,0.0,0.9134602745374044
S316,6e041cba-b78e-4b75-8db7-fa1837716947,OPP20,gpt,basic_role_guided,basic,role_guided,OPP-115,32.36,0.2149,1.0,1.0,0.8372093023255814,0.1395348837209302,0.0,0.0,0.8523848229646682
S289,3ac8f8f2-9ed4-4671-bd97-2a365f090b40,OPP20,gpt,basic_structured,basic,structured,OPP-115,30.36,0.2443,0.9259259259259259,0.9629629629629629,0.8837209302325582,0.0930232558139534,0.07407407407407407,0.0,0.932963694135348
S094,92936efb-2f7b-405a-be71-efa4ab483c71,OPP20,gpt,safety_focused_direct,safety_focused,direct,OPP-115,31.54,0.4026,0.9736842105263158,0.9868421052631579,1.0,0.0,0.02631578947368421,0.0,0.8850329349699774
S149,5e911991-b81b-48b8-bf91-11e9f2a3b70d,OPP20,gpt,safety_focused_role_guided,safety_focused,role_guided,OPP-115,33.19,0.4327,1.0,1.0,0.9767441860465116,0.0232558139534883,0.0,0.0,0.936091454492675
S264,913a7f86-db3b-4f5f-be25-de9ed4894b92,OPP20,gpt,safety_focused_structured,safety_focused,structured,OPP-115,34.24,0.3712,1.0,1.0,0.9302325581395348,0.0232558139534883,0.0,0.0,0.9082466624677181
S367,5cc46d11-cda8-4b24-9e71-a824d5e7ad54,OPP20,llama,basic_direct,basic,direct,OPP-115,32.17,0.1274,0.9090909090909091,0.9545454545454546,0.3604651162790697,0.5116279069767442,0.09090909090909091,0.0,0.8402950655330311
S275,63fc1325-eae9-49bc-a714-c6590392b792,OPP20,llama,basic_role_guided,basic,role_guided,OPP-115,33.25,0.1245,1.0,1.0,0.4069767441860465,0.5348837209302325,0.0,0.0,0.9741393327713013
S089,f05b344d-b69d-43f2-8cf5-89aa9d863a42,OPP20,llama,basic_structured,basic,structured,OPP-115,40.07,0.1149,1.0,1.0,0.4767441860465116,0.4651162790697674,0.0,0.0,0.9040886200964451
S078,451819ed-a409-4f32-9b0d-2ad2a190cbed,OPP20,llama,safety_focused_direct,safety_focused,direct,OPP-115,26.41,0.1519,1.0,1.0,0.4651162790697674,0.4883720930232558,0.0,0.0,0.9671276370684306
S194,1d62e14f-2ab9-4b13-8d96-44c71f1a54e3,OPP20,llama,safety_focused_role_guided,safety_focused,role_guided,OPP-115,27.82,0.1358,1.0,1.0,0.3255813953488372,0.6046511627906976,0.0,0.0,0.9679311960935593
S458,c942959a-1fe9-42a4-8eee-b7a1eaf96109,OPP20,llama,safety_focused_structured,safety_focused,structured,OPP-115,25.27,0.1173,1.0,1.0,0.3372093023255814,0.5813953488372093,0.0,0.0,0.9631546785434087
S340,96d3ca1c-3e99-41f5-9505-20f10f318875,OPP20,mistral,basic_direct,basic,direct,OPP-115,52.59,0.2286,0.9615384615384616,0.9615384615384616,0.7325581395348837,0.1860465116279069,0.0,0.038461538461538464,0.9188347390064826
S392,6b22a63c-04f1-41f4-aaf6-9aa84b0a5e01,OPP20,mistral,basic_role_guided,basic,role_guided,OPP-115,56.18,0.192,0.9583333333333334,0.9583333333333334,0.627906976744186,0.3255813953488372,0.0,0.041666666666666664,0.851553189723442
S402,dd510d11-38cb-4f14-8e13-cb19a2d185de,OPP20,mistral,basic_structured,basic,structured,OPP-115,48.23,0.1358,0.9375,0.9375,0.6976744186046512,0.1860465116279069,0.0,0.0625,0.859911736799404
S359,2e72a39d-6546-4aed-82f2-51e993f3a46b,OPP20,mistral,safety_focused_direct,safety_focused,direct,OPP-115,51.4,0.2005,1.0,1.0,0.6976744186046512,0.2558139534883721,0.0,0.0,0.8524793643843044
S258,6e7d5f3d-2b83-42e1-b2e5-e19de12d5dbd,OPP20,mistral,safety_focused_role_guided,safety_focused,role_guided,OPP-115,54.32,0.2081,0.9615384615384616,0.9615384615384616,0.6627906976744186,0.3023255813953488,0.0,0.038461538461538464,0.933552446273657
S420,43d706de-c068-458d-a698-2268a14d5e89,OPP20,mistral,safety_focused_structured,safety_focused,structured,OPP-115,48.68,0.1941,1.0,1.0,0.6744186046511628,0.2558139534883721,0.0,0.0,0.8229462534189225
S180,d14d0bad-aabb-4e7e-9cbc-8032783f47af,OPP21,gpt,basic_direct,basic,direct,OPP-115,23.93,0.1539,1.0,1.0,0.8666666666666667,0.1333333333333333,0.0,0.0,0.8408989277150896
S161,80693c60-f744-4989-b117-2df59828170c,OPP21,gpt,basic_role_guided,basic,role_guided,OPP-115,25.76,0.13,1.0,1.0,0.7888888888888889,0.2,0.0,0.0,0.8532591911498457
S145,59113934-758f-4b39-b654-1d986fe359b7,OPP21,gpt,basic_structured,basic,structured,OPP-115,22.48,0.1462,0.972972972972973,0.972972972972973,0.8555555555555555,0.1333333333333333,0.0,0.02702702702702703,0.8593722604013778
S360,99cba608-09c2-4e3a-b71e-561c9c72e24f,OPP21,gpt,safety_focused_direct,safety_focused,direct,OPP-115,18.69,0.2355,1.0,1.0,0.9888888888888888,0.0,0.0,0.0,0.8820828366279602
S183,9889979c-c0f6-4dec-a20b-66fb82e2d8df,OPP21,gpt,safety_focused_role_guided,safety_focused,role_guided,OPP-115,19.96,0.2323,1.0,1.0,0.9666666666666668,0.0222222222222222,0.0,0.0,0.8428426863780866
S419,a93bbaef-d40e-4740-94fb-e12a89efbf3f,OPP21,gpt,safety_focused_structured,safety_focused,structured,OPP-115,18.64,0.1863,0.9736842105263158,0.9736842105263158,0.8777777777777778,0.1111111111111111,0.0,0.02631578947368421,0.8834526829029384
S170,fb4387af-ab57-44be-887a-2e8a3987035f,OPP21,llama,basic_direct,basic,direct,OPP-115,20.57,0.0559,0.75,0.875,0.3,0.6222222222222222,0.25,0.0,0.8801634246483445
S224,d7b2a585-ef6e-4b7c-b978-2697c09f9827,OPP21,llama,basic_role_guided,basic,role_guided,OPP-115,18.2,0.0514,0.9090909090909091,0.9545454545454546,0.2666666666666666,0.7111111111111111,0.09090909090909091,0.0,0.9676044095646251
S343,1f6c1dd8-c964-4673-9f75-95c65d03fa6e,OPP21,llama,basic_structured,basic,structured,OPP-115,27.3,0.0535,1.0,1.0,0.4,0.5777777777777777,0.0,0.0,0.8915776454589583
S102,6e903331-40da-4c68-baa6-1d4efce756b4,OPP21,llama,safety_focused_direct,safety_focused,direct,OPP-115,19.37,0.0597,1.0,1.0,0.4,0.5555555555555556,0.0,0.0,0.9756244172652563
S311,aa473da9-ebf9-43e7-9f01-ad2547ccb729,OPP21,llama,safety_focused_role_guided,safety_focused,role_guided,OPP-115,18.57,0.0786,1.0,1.0,0.4444444444444444,0.5333333333333333,0.0,0.0,0.9527276158332825
S357,f447f60d-0ead-4e83-8e95-6543a0f00ccc,OPP21,llama,safety_focused_structured,safety_focused,structured,OPP-115,28.28,0.0648,1.0,1.0,0.3333333333333333,0.6444444444444445,0.0,0.0,0.8974718729463907
S113,96488b4c-fa33-45bf-8775-3975eeb40e71,OPP21,mistral,basic_direct,basic,direct,OPP-115,42.85,0.0699,0.95,0.975,0.4888888888888889,0.4444444444444444,0.05,0.0,0.9575105041265488
S001,51fc35ff-0111-45f5-8ebc-be54143e80e6,OPP21,mistral,basic_role_guided,basic,role_guided,OPP-115,45.25,0.0494,1.0,1.0,0.3555555555555555,0.6444444444444445,0.0,0.0,0.9010832483569781
S287,baaf4d02-6e5c-4eb2-b3e6-213a198548fc,OPP21,mistral,basic_structured,basic,structured,OPP-115,43.1,0.067,0.9411764705882353,0.9705882352941176,0.5,0.4444444444444444,0.058823529411764705,0.0,0.9385323629659765
S407,2d1da04a-9ada-4687-bce9-572cce22e755,OPP21,mistral,safety_focused_direct,safety_focused,direct,OPP-115,44.43,0.0903,1.0,1.0,0.5555555555555556,0.4,0.0,0.0,0.9493491450945536
S319,664cb6d7-5696-485b-9c85-2bdd9b7900f8,OPP21,mistral,safety_focused_role_guided,safety_focused,role_guided,OPP-115,47.41,0.1164,0.9655172413793104,0.9827586206896551,0.6888888888888889,0.3111111111111111,0.034482758620689655,0.0,0.9016923395724132
S159,05162ee6-4d60-47f8-871b-8fadeda79a92,OPP21,mistral,safety_focused_structured,safety_focused,structured,OPP-115,45.41,0.0834,0.9565217391304348,0.9565217391304348,0.6444444444444445,0.3555555555555555,0.0,0.043478260869565216,0.9249495734339175
S178,28f97ca7-1d35-4dbd-809f-c70b9beeea10,OPP22,gpt,basic_direct,basic,direct,OPP-115,36.11,0.3102,0.9259259259259259,0.9629629629629629,0.8888888888888888,0.1111111111111111,0.07407407407407407,0.0,0.7030412594753283
S297,7d052835-1511-49f6-a9ae-b1c3a857612f,OPP22,gpt,basic_role_guided,basic,role_guided,OPP-115,34.57,0.2934,0.96,0.98,0.8333333333333334,0.1388888888888889,0.04,0.0,0.7754870425164699
S457,cd0e76f2-18ee-46a9-8e47-b000267e2a4b,OPP22,gpt,basic_structured,basic,structured,OPP-115,38.53,0.3328,0.9259259259259259,0.9629629629629629,0.9583333333333334,0.0277777777777777,0.07407407407407407,0.0,0.709360669263535
S107,74321f67-e0bb-4304-9bc6-147c3524086a,OPP22,gpt,safety_focused_direct,safety_focused,direct,OPP-115,22.69,0.4769,1.0,1.0,0.9583333333333334,0.0,0.0,0.0,0.8093638910966761
S038,e0473dce-033e-48c1-974b-62e33369f866,OPP22,gpt,safety_focused_role_guided,safety_focused,role_guided,OPP-115,35.61,0.4826,1.0,1.0,1.0,0.0,0.0,0.0,0.9008843469887208
S427,d322a9ed-cedd-41d2-b064-0f3388ac06cc,OPP22,gpt,safety_focused_structured,safety_focused,structured,OPP-115,28.34,0.4583,1.0,1.0,0.9722222222222222,0.0,0.0,0.0,0.735598082521132
S074,f2b5685b-28e3-453d-bb20-019e310c8440,OPP22,llama,basic_direct,basic,direct,OPP-115,49.45,0.1979,0.9285714285714286,0.9642857142857143,0.5277777777777778,0.4444444444444444,0.07142857142857142,0.0,0.8408682106861046
S118,a596e6a2-aafa-4164-b609-3a90b2a176e2,OPP22,llama,basic_role_guided,basic,role_guided,OPP-115,47.54,0.1794,1.0,1.0,0.5,0.4166666666666667,0.0,0.0,0.6287899315357208
S433,8644d5d4-8068-4f57-8cae-62831795856b,OPP22,llama,basic_structured,basic,structured,OPP-115,49.94,0.1898,1.0,1.0,0.4166666666666667,0.4722222222222222,0.0,0.0,0.8095017545498334
S342,b5de3dca-69a5-45f3-a609-cb1eb204cef4,OPP22,llama,safety_focused_direct,safety_focused,direct,OPP-115,23.81,0.1991,1.0,1.0,0.5555555555555556,0.3888888888888889,0.0,0.0,0.733945777783027
S012,779c83c3-1263-43a3-9751-3fa5a15a38b4,OPP22,llama,safety_focused_role_guided,safety_focused,role_guided,OPP-115,36.72,0.2309,1.0,1.0,0.5972222222222222,0.25,0.0,0.0,0.8872643341620763
S384,1ac0d747-d809-40b1-a30c-bb8c6948ba1a,OPP22,llama,safety_focused_structured,safety_focused,structured,OPP-115,18.24,0.1852,1.0,1.0,0.5277777777777778,0.4722222222222222,0.0,0.0,0.7932725480447212
S434,f085107e-2630-47ec-82c6-b424ee6f6725,OPP22,mistral,basic_direct,basic,direct,OPP-115,42.64,0.1991,1.0,1.0,0.6666666666666666,0.2777777777777778,0.0,0.0,0.8964931815862656
S249,8e14d3aa-3156-4cc9-84ad-8da07104fd46,OPP22,mistral,basic_role_guided,basic,role_guided,OPP-115,56.34,0.2008,1.0,1.0,0.4444444444444444,0.4166666666666667,0.0,0.0,0.8769930773414671
S308,528c1f63-6335-463e-b56c-563dfa0e000e,OPP22,mistral,basic_structured,basic,structured,OPP-115,51.56,0.235,1.0,1.0,0.7222222222222222,0.25,0.0,0.0,0.8391120011607806
S152,8bcce7a4-bf49-4cef-a31e-49ad43f6460c,OPP22,mistral,safety_focused_direct,safety_focused,direct,OPP-115,45.94,0.2998,0.9583333333333334,0.9791666666666666,0.7638888888888888,0.2222222222222222,0.041666666666666664,0.0,0.8752770327652494
S076,e4def527-7fff-432c-9e27-32a59a9ead25,OPP22,mistral,safety_focused_role_guided,safety_focused,role_guided,OPP-115,47.87,0.3617,0.9642857142857143,0.9821428571428571,0.9027777777777778,0.0833333333333333,0.03571428571428571,0.0,0.862262077363474
S456,929e6b4f-bc41-4d2e-9e63-7a67e5f4b3ca,OPP22,mistral,safety_focused_structured,safety_focused,structured,OPP-115,51.3,0.2541,1.0,1.0,0.7083333333333334,0.1944444444444444,0.0,0.0,0.9207079921449933
S485,ae85a2a2-0596-4706-b64f-0191d4c3f766,OPP23,gpt,basic_direct,basic,direct,OPP-115,24.29,0.2391,1.0,1.0,0.8333333333333334,0.1166666666666666,0.0,0.0,0.5706451313259701
S446,2e76c3c0-eaf1-4d17-97d4-0f05a51f714a,OPP23,gpt,basic_role_guided,basic,role_guided,OPP-115,30.66,0.2198,1.0,1.0,0.8333333333333334,0.15,0.0,0.0,0.6386160250339243
S303,3d0ebd85-aa0e-498b-8d9c-40e5b8896b42,OPP23,gpt,basic_structured,basic,structured,OPP-115,28.3,0.2365,1.0,1.0,0.8333333333333334,0.1,0.0,0.0,0.6822704667491573
S116,46c745e3-5e8f-4c76-acd2-33660ca14511,OPP23,gpt,safety_focused_direct,safety_focused,direct,OPP-115,27.21,0.4098,1.0,1.0,1.0,0.0,0.0,0.0,0.6978173573869605
S379,82de0b86-7621-465c-bdad-8a2ac6b585fa,OPP23,gpt,safety_focused_role_guided,safety_focused,role_guided,OPP-115,28.32,0.4042,1.0,1.0,0.9833333333333332,0.0166666666666666,0.0,0.0,0.6857850458472967
S223,87689ef4-3d8d-4415-beff-b71d1596c28f,OPP23,gpt,safety_focused_structured,safety_focused,structured,OPP-115,30.92,0.3593,1.0,1.0,0.9416666666666668,0.05,0.0,0.0,0.6017499550794944
S437,c9b5e32e-2f24-490d-8fb4-f8245afaf993,OPP23,llama,basic_direct,basic,direct,OPP-115,43.97,0.1014,1.0,1.0,0.3666666666666666,0.5666666666666667,0.0,0.0,0.7077224989506331
S039,e1995057-ea56-4f4f-adbb-205b9c9bea69,OPP23,llama,basic_role_guided,basic,role_guided,OPP-115,38.2,0.1437,1.0,1.0,0.4166666666666667,0.5166666666666667,0.0,0.0,0.7006130452666964
S086,9d1ee72a-0346-47fb-898d-6755fdd0b4cb,OPP23,llama,basic_structured,basic,structured,OPP-115,39.48,0.1437,1.0,1.0,0.3666666666666666,0.5,0.0,0.0,0.7930337218567729
S250,2c1d49a0-1c19-46e8-94d2-73f89bb8f306,OPP23,llama,safety_focused_direct,safety_focused,direct,OPP-115,31.94,0.1617,1.0,1.0,0.5083333333333333,0.4166666666666667,0.0,0.0,0.7274366175899138
S413,6c2742a9-f0c8-4a32-8b55-a735c9177774,OPP23,llama,safety_focused_role_guided,safety_focused,role_guided,OPP-115,34.02,0.1741,1.0,1.0,0.475,0.4,0.0,0.0,0.7854902639108545
S252,8337f2c4-57a9-4b89-8c50-eb8f24b5a6e8,OPP23,llama,safety_focused_structured,safety_focused,structured,OPP-115,33.76,0.1578,1.0,1.0,0.475,0.45,0.0,0.0,0.7438982310039657
S352,54b4fb42-268e-41ee-8845-33bcb2781983,OPP23,mistral,basic_direct,basic,direct,OPP-115,37.74,0.1638,0.9411764705882353,0.9705882352941176,0.5166666666666667,0.3833333333333333,0.058823529411764705,0.0,0.6963760361951941
S105,9e8c9719-b393-4e6e-af92-6779372dfddc,OPP23,mistral,basic_role_guided,basic,role_guided,OPP-115,50.21,0.1553,0.95,0.975,0.525,0.4,0.05,0.0,0.7340250253677368
S165,1c78a76f-e088-43c6-ae82-621c1e5e218e,OPP23,mistral,basic_structured,basic,structured,OPP-115,50.57,0.1728,0.9523809523809523,0.9523809523809523,0.6416666666666667,0.2833333333333333,0.0,0.047619047619047616,0.737358211938824
S126,271fda00-deb8-4061-ae7d-1d2e783df68f,OPP23,mistral,safety_focused_direct,safety_focused,direct,OPP-115,42.13,0.2139,0.9565217391304348,0.9782608695652174,0.525,0.3,0.043478260869565216,0.0,0.7214429245694823
S088,148c48fc-de23-4d66-960f-50076c9f5b5a,OPP23,mistral,safety_focused_role_guided,safety_focused,role_guided,OPP-115,43.43,0.1929,0.9090909090909091,0.9545454545454546,0.6833333333333333,0.25,0.09090909090909091,0.0,0.6427476685494184
S451,a86e51ce-14e4-46fe-bd92-00ac1672899c,OPP23,mistral,safety_focused_structured,safety_focused,structured,OPP-115,44.25,0.1882,0.9545454545454546,0.9772727272727273,0.5416666666666666,0.3333333333333333,0.045454545454545456,0.0,0.6709067547185854
S212,f0022daa-2601-4a75-9231-6bd6ea296be6,OPP24,gpt,basic_direct,basic,direct,OPP-115,30.03,0.1945,1.0,1.0,0.9305555555555556,0.0555555555555555,0.0,0.0,0.7709588250466461
S060,ee7a879a-8bdf-4034-9808-6f0ba765767e,OPP24,gpt,basic_role_guided,basic,role_guided,OPP-115,37.41,0.2039,1.0,1.0,0.9305555555555556,0.0555555555555555,0.0,0.0,0.8600771687924862
S226,78060fa3-ea98-4ff2-9124-6e9b7f8f8deb,OPP24,gpt,basic_structured,basic,structured,OPP-115,33.35,0.2238,1.0,1.0,0.9722222222222222,0.0,0.0,0.0,0.7962207653456264
S033,dd09d206-8bf7-4841-859d-5f4bcc4690c4,OPP24,gpt,safety_focused_direct,safety_focused,direct,OPP-115,29.03,0.3341,1.0,1.0,0.9583333333333334,0.0277777777777777,0.0,0.0,0.857177640197844
S137,f468e4f1-58bb-41dc-a31b-5c81ba64641e,OPP24,gpt,safety_focused_role_guided,safety_focused,role_guided,OPP-115,32.9,0.4302,1.0,1.0,1.0,0.0,0.0,0.0,0.9071693432934839
S200,b2b7316e-aa12-4cf0-bfa3-707349743d21,OPP24,gpt,safety_focused_structured,safety_focused,structured,OPP-115,34.15,0.3681,1.0,1.0,1.0,0.0,0.0,0.0,0.8724424787709173
S090,43c5627c-4078-44f6-b288-f32f442e771c,OPP24,llama,basic_direct,basic,direct,OPP-115,33.1,0.1185,1.0,1.0,0.4583333333333333,0.3888888888888889,0.0,0.0,0.8666043558291027
S106,8381d113-6c13-4ba9-9a24-8847afa615ba,OPP24,llama,basic_role_guided,basic,role_guided,OPP-115,30.4,0.109,0.9090909090909091,0.9090909090909091,0.3472222222222222,0.5555555555555556,0.0,0.09090909090909091,0.697868064045906
S206,2c5b2714-7aeb-4246-bd1b-032f54d27b7a,OPP24,llama,basic_structured,basic,structured,OPP-115,40.13,0.1235,1.0,1.0,0.5416666666666666,0.4166666666666667,0.0,0.0,0.8331263407188303
S399,54159b72-4b5f-477c-9639-4d6dd29078f0,OPP24,llama,safety_focused_direct,safety_focused,direct,OPP-115,27.94,0.1144,1.0,1.0,0.5555555555555556,0.3611111111111111,0.0,0.0,0.9090596242592885
S046,7fe58a85-f9f8-45ad-bf4e-b28cea8019e3,OPP24,llama,safety_focused_role_guided,safety_focused,role_guided,OPP-115,30.96,0.1194,1.0,1.0,0.6111111111111112,0.3333333333333333,0.0,0.0,0.898683365720969
S002,7c3ab6ea-8d2d-4dab-a2ba-e0b107967ca9,OPP24,llama,safety_focused_structured,safety_focused,structured,OPP-115,41.6,0.1144,1.0,1.0,0.6111111111111112,0.3611111111111111,0.0,0.0,0.7328962422907352
S421,a1a43d51-0fc8-49af-b4a9-4268e6cac0ce,OPP24,mistral,basic_direct,basic,direct,OPP-115,46.95,0.2187,0.96875,0.96875,0.9166666666666666,0.0555555555555555,0.0,0.03125,0.8457147972658277
S344,88e8c5b7-a2d0-42f8-a195-0fadc05ff3e3,OPP24,mistral,basic_role_guided,basic,role_guided,OPP-115,54.11,0.1818,1.0,1.0,0.7638888888888888,0.2222222222222222,0.0,0.0,0.8642994561897857
S056,bad0c12d-1c09-458c-b7e5-f7ad8d6394b4,OPP24,mistral,basic_structured,basic,structured,OPP-115,46.95,0.1402,1.0,1.0,0.7777777777777778,0.1666666666666666,0.0,0.0,0.7517653463239019
S404,744f5ba9-fc07-4b2e-abf4-9487c58cb6e3,OPP24,mistral,safety_focused_direct,safety_focused,direct,OPP-115,51.53,0.2096,0.96875,0.96875,0.7916666666666666,0.1944444444444444,0.0,0.03125,0.8508822101866826
S199,8f7a8762-5f49-48b9-9119-21a9da6ecace,OPP24,mistral,safety_focused_role_guided,safety_focused,role_guided,OPP-115,44.6,0.1623,1.0,1.0,0.7916666666666666,0.1944444444444444,0.0,0.0,0.830797373627623
S218,c8519496-3be8-4361-a5af-808ada247ab7,OPP24,mistral,safety_focused_structured,safety_focused,structured,OPP-115,49.4,0.1551,1.0,1.0,0.8194444444444444,0.1666666666666666,0.0,0.0,0.8228552595752737
S431,df52d94a-cc0c-4ab9-b798-cb191513dda2,OPP25,gpt,basic_direct,basic,direct,OPP-115,43.93,0.3578,0.95,0.975,0.9615384615384616,0.0,0.05,0.0,0.8594310365617275
S317,7dddc965-b65b-4a8e-bc99-885a4bc78bab,OPP25,gpt,basic_role_guided,basic,role_guided,OPP-115,49.83,0.3995,0.9565217391304348,0.9782608695652174,0.9423076923076924,0.0,0.043478260869565216,0.0,0.9375117783961089
S246,c5ae5a78-303a-4d56-8127-f72a5fccec32,OPP25,gpt,basic_structured,basic,structured,OPP-115,52.87,0.4067,0.9565217391304348,0.9782608695652174,1.0,0.0,0.043478260869565216,0.0,0.8587956182334734
S027,cfa6a0d1-7bf6-499b-a7b5-8165a708e8b6,OPP25,gpt,safety_focused_direct,safety_focused,direct,OPP-115,49.94,0.5543,1.0,1.0,1.0,0.0,0.0,0.0,0.9499865977033493
S146,9547f91e-4037-4c96-9d76-aa4be7c2b4ae,OPP25,gpt,safety_focused_role_guided,safety_focused,role_guided,OPP-115,52.4,0.5779,1.0,1.0,1.0,0.0,0.0,0.0,0.9638611481470221
S278,7f483948-b1ef-4cf5-8b1b-d238fa307d6f,OPP25,gpt,safety_focused_structured,safety_focused,structured,OPP-115,51.19,0.5399,0.967741935483871,0.9838709677419355,1.0,0.0,0.03225806451612903,0.0,0.9749368486865875
S280,10472b3f-da78-4e96-b20d-30517c2182ce,OPP25,llama,basic_direct,basic,direct,OPP-115,41.43,0.2437,1.0,1.0,0.4423076923076923,0.4615384615384615,0.0,0.0,0.963614209131761
S441,1528000c-4f33-464d-b366-83ce1029f4a9,OPP25,llama,basic_role_guided,basic,role_guided,OPP-115,44.84,0.2609,1.0,1.0,0.5,0.3846153846153846,0.0,0.0,0.8713995489207181
S111,ff25936b-5db0-49e1-9049-9274ed5ab082,OPP25,llama,basic_structured,basic,structured,OPP-115,40.01,0.2545,1.0,1.0,0.6153846153846154,0.3461538461538461,0.0,0.0,0.9739113341678273
S301,e0eed9cf-4364-4d7d-b498-0911810310f1,OPP25,llama,safety_focused_direct,safety_focused,direct,OPP-115,42.02,0.2817,1.0,1.0,0.5769230769230769,0.2307692307692307,0.0,0.0,0.9192825832537243
S460,23c27fd0-665a-4673-bab2-ae7f8085956b,OPP25,llama,safety_focused_role_guided,safety_focused,role_guided,OPP-115,47.67,0.3605,1.0,1.0,0.8076923076923077,0.1153846153846153,0.0,0.0,0.9624616047915291
S220,5d27bd09-d0e2-4c62-ae3a-afbe335813e9,OPP25,llama,safety_focused_structured,safety_focused,structured,OPP-115,53.1,0.3134,1.0,1.0,0.7115384615384616,0.2307692307692307,0.0,0.0,0.9377782139927149
S092,58713da3-7d40-4bcd-93a6-0a92a13f3d27,OPP25,mistral,basic_direct,basic,direct,OPP-115,45.3,0.4067,1.0,1.0,0.8076923076923077,0.0769230769230769,0.0,0.0,0.9563116933170118
S036,9d49416d-f884-4907-a06b-1a99ca19aa70,OPP25,mistral,basic_role_guided,basic,role_guided,OPP-115,58.16,0.3904,1.0,1.0,1.0,0.0,0.0,0.0,0.789954774826765
S022,25a87155-437c-4c49-9103-0f2aca5bcec6,OPP25,mistral,basic_structured,basic,structured,OPP-115,56.32,0.2944,1.0,1.0,0.8461538461538461,0.1538461538461538,0.0,0.0,0.8743372745811939
S103,8af045c5-89b9-41b2-b961-344621025b7f,OPP25,mistral,safety_focused_direct,safety_focused,direct,OPP-115,53.29,0.4982,0.8333333333333334,0.9166666666666666,1.0,0.0,0.16666666666666666,0.0,0.8557768591369191
S369,18df74a1-9a0a-4d5f-aad0-9a0aebb757eb,OPP25,mistral,safety_focused_role_guided,safety_focused,role_guided,OPP-115,49.42,0.4221,0.8571428571428571,0.9047619047619048,1.0,0.0,0.09523809523809523,0.047619047619047616,0.8828552248222488
S326,3e48a0a5-3c9b-4d79-9084-d49dfb6cf10a,OPP25,mistral,safety_focused_structured,safety_focused,structured,OPP-115,51.64,0.3496,0.8947368421052632,0.9473684210526315,0.9807692307692308,0.0,0.10526315789473684,0.0,0.8254315962916926
S261,6f9f88da-57cc-4ba6-bfef-78d2c108b96a,OPP26,gpt,basic_direct,basic,direct,OPP-115,13.98,0.1559,1.0,1.0,0.8947368421052632,0.1052631578947368,0.0,0.0,0.7535766076458537
S066,2a89b215-0597-4186-b992-27ffc80eed8d,OPP26,gpt,basic_role_guided,basic,role_guided,OPP-115,16.13,0.1579,1.0,1.0,0.8947368421052632,0.0526315789473684,0.0,0.0,0.8307486776676443
S075,b4c47c5e-1713-4d45-835d-c0d149b49a2a,OPP26,gpt,basic_structured,basic,structured,OPP-115,16.34,0.1742,1.0,1.0,0.8947368421052632,0.0526315789473684,0.0,0.0,0.7875800054254276
S154,5ea8415d-4239-4d0c-a04a-36e592f97697,OPP26,gpt,safety_focused_direct,safety_focused,direct,OPP-115,13.14,0.244,0.96875,0.96875,0.868421052631579,0.1052631578947368,0.0,0.03125,0.7696684113470837
S179,e1e16f91-a3ce-455b-9ca2-8f78f7a51f6f,OPP26,gpt,safety_focused_role_guided,safety_focused,role_guided,OPP-115,18.25,0.2696,0.9743589743589743,0.9743589743589743,0.9605263157894736,0.0263157894736842,0.0,0.02564102564102564,0.9091525773207346
S244,d6cd2f02-7346-483b-84b2-4ff67e4efa27,OPP26,gpt,safety_focused_structured,safety_focused,structured,OPP-115,18.47,0.2167,0.967741935483871,0.967741935483871,0.9078947368421052,0.0263157894736842,0.0,0.03225806451612903,0.8657648099526283
S429,323b9e9b-834d-439e-877c-54355f581ee5,OPP26,llama,basic_direct,basic,direct,OPP-115,13.49,0.1021,0.8333333333333334,0.9166666666666666,0.4342105263157895,0.4736842105263157,0.16666666666666666,0.0,0.9486993650595347
S286,78c84653-e19f-44c9-909d-b22c8066a765,OPP26,llama,basic_role_guided,basic,role_guided,OPP-115,19.48,0.1265,0.8666666666666667,0.9333333333333333,0.3684210526315789,0.4736842105263157,0.13333333333333333,0.0,0.9305931011835734
S307,2f6b222f-acaa-44db-bceb-5067f37fd212,OPP26,llama,basic_structured,basic,structured,OPP-115,14.98,0.0896,0.9090909090909091,0.9545454545454546,0.3289473684210526,0.5263157894736842,0.09090909090909091,0.0,0.8149999102408235
S174,c2b7aceb-9a8e-4127-b566-e9cb29f97dab,OPP26,llama,safety_focused_direct,safety_focused,direct,OPP-115,24.92,0.1332,1.0,1.0,0.4078947368421052,0.4473684210526316,0.0,0.0,0.9217920725544294
S424,7d10e4ac-c47c-4f06-8fe0-d5610cd5d267,OPP26,llama,safety_focused_role_guided,safety_focused,role_guided,OPP-115,24.23,0.1329,1.0,1.0,0.6052631578947368,0.3157894736842105,0.0,0.0,0.9642579800942365
S306,f16fa291-da93-4f7d-8b69-78e3af43d80b,OPP26,llama,safety_focused_structured,safety_focused,structured,OPP-115,26.47,0.1332,1.0,1.0,0.3815789473684211,0.3421052631578947,0.0,0.0,0.9186446592211723
S135,2dc083f8-016e-47aa-acc9-cef349dc4614,OPP26,mistral,basic_direct,basic,direct,OPP-115,35.67,0.1527,1.0,1.0,0.6447368421052632,0.1842105263157894,0.0,0.0,0.9573791944063627
S007,6c92608b-67a5-4c0b-8aec-6eb01f84c87d,OPP26,mistral,basic_role_guided,basic,role_guided,OPP-115,46.4,0.1041,1.0,1.0,0.4868421052631579,0.3947368421052631,0.0,0.0,0.8061138754220385
S391,93c21959-689c-4b08-82b1-b94414be8f18,OPP26,mistral,basic_structured,basic,structured,OPP-115,36.4,0.1201,1.0,1.0,0.6973684210526315,0.1578947368421052,0.0,0.0,0.8130918460136111
S425,c96d9184-9903-43c3-a662-92e190332134,OPP26,mistral,safety_focused_direct,safety_focused,direct,OPP-115,41.21,0.1501,0.9545454545454546,0.9772727272727273,0.75,0.1052631578947368,0.045454545454545456,0.0,0.8930533115159381
S037,81d67111-d5e8-4908-9cba-dea758b8f1b0,OPP26,mistral,safety_focused_role_guided,safety_focused,role_guided,OPP-115,43.55,0.1632,0.967741935483871,0.9838709677419355,0.7894736842105263,0.1052631578947368,0.03225806451612903,0.0,0.9345764043110032
S073,bb838b9d-cf19-43cb-9996-284bb75f370b,OPP26,mistral,safety_focused_structured,safety_focused,structured,OPP-115,40.02,0.192,0.9393939393939394,0.9696969696969697,0.8289473684210527,0.0789473684210526,0.06060606060606061,0.0,0.8817284775502754
S064,96dc730d-5873-4c90-aeba-4fe9a3d5c3fa,OPP27,gpt,basic_direct,basic,direct,OPP-115,30.05,0.165,1.0,1.0,0.6818181818181818,0.2121212121212121,0.0,0.0,0.8562361671087834
S365,d0c23f3e-3d72-40f9-8e2a-aad72ac85e0d,OPP27,gpt,basic_role_guided,basic,role_guided,OPP-115,30.15,0.1837,0.9411764705882353,0.9705882352941176,0.7727272727272727,0.2121212121212121,0.058823529411764705,0.0,0.8920044850777177
S401,3b3862a6-48c8-4391-b376-f0e2c3dbfe77,OPP27,gpt,basic_structured,basic,structured,OPP-115,29.71,0.2117,0.972972972972973,0.972972972972973,0.7727272727272727,0.1212121212121212,0.0,0.02702702702702703,0.9296273162236085
S394,1e529236-1098-475a-b1dc-9459112a86af,OPP27,gpt,safety_focused_direct,safety_focused,direct,OPP-115,26.23,0.3353,1.0,1.0,0.8484848484848485,0.0909090909090909,0.0,0.0,0.9211240111320627
S133,94cbad73-96c8-4454-af4c-82e1e683b5cb,OPP27,gpt,safety_focused_role_guided,safety_focused,role_guided,OPP-115,25.33,0.3562,1.0,1.0,0.9090909090909092,0.0909090909090909,0.0,0.0,0.9057725928723812
S071,7e6092a2-fb83-4058-840b-c55b50d568ce,OPP27,gpt,safety_focused_structured,safety_focused,structured,OPP-115,30.08,0.2973,1.0,1.0,0.8484848484848485,0.0909090909090909,0.0,0.0,0.95177054040286
S285,a66e8095-7b36-4fe8-884d-8f48420374eb,OPP27,llama,basic_direct,basic,direct,OPP-115,37.15,0.0881,1.0,1.0,0.4242424242424242,0.4848484848484848,0.0,0.0,0.8996910727941073
S040,414fee6a-9a16-495e-acf0-daea5d5ca109,OPP27,llama,basic_role_guided,basic,role_guided,OPP-115,39.82,0.114,0.9444444444444444,0.9722222222222222,0.3333333333333333,0.4848484848484848,0.05555555555555555,0.0,0.9643371469444699
S003,c698c9aa-938f-4982-95b1-b4712bc05b23,OPP27,llama,basic_structured,basic,structured,OPP-115,28.3,0.0962,1.0,1.0,0.3484848484848485,0.5151515151515151,0.0,0.0,0.8981930868966239
S375,3ce9fd00-ac13-4eea-8e32-470a092f774b,OPP27,llama,safety_focused_direct,safety_focused,direct,OPP-115,24.93,0.1233,1.0,1.0,0.4848484848484848,0.4545454545454545,0.0,0.0,0.9389288388192654
S175,7923cc53-3af5-48a7-bf7e-311302497229,OPP27,llama,safety_focused_role_guided,safety_focused,role_guided,OPP-115,32.78,0.1622,0.9545454545454546,0.9772727272727273,0.5454545454545454,0.3636363636363636,0.045454545454545456,0.0,0.9448793232440948
S139,45afc38e-6b7e-4f7d-9d36-cf84f07551e8,OPP27,llama,safety_focused_structured,safety_focused,structured,OPP-115,33.57,0.1288,1.0,1.0,0.4848484848484848,0.4545454545454545,0.0,0.0,0.9213105804390378
S277,cb61fee1-b03c-419f-b555-433648b1b45c,OPP27,mistral,basic_direct,basic,direct,OPP-115,40.2,0.1734,1.0,1.0,0.6060606060606061,0.303030303030303,0.0,0.0,0.9683918975866758
S153,314b67b8-655c-4ac9-8494-8157440493aa,OPP27,mistral,basic_role_guided,basic,role_guided,OPP-115,41.68,0.149,1.0,1.0,0.5303030303030303,0.303030303030303,0.0,0.0,0.901753856241703
S353,276380a8-8f9c-44a9-a354-ba7bb1fbe0d6,OPP27,mistral,basic_structured,basic,structured,OPP-115,40.0,0.2093,1.0,1.0,0.696969696969697,0.2121212121212121,0.0,0.0,0.9170822689930598
S176,0b199dda-4aec-4f0d-9e5d-a8d195f6f96b,OPP27,mistral,safety_focused_direct,safety_focused,direct,OPP-115,41.06,0.1541,1.0,1.0,0.7424242424242424,0.1818181818181818,0.0,0.0,0.9544539189338684
S320,17c8f15b-5ba7-430a-8657-08188abcc5bb,OPP27,mistral,safety_focused_role_guided,safety_focused,role_guided,OPP-115,47.08,0.1885,1.0,1.0,0.5757575757575758,0.303030303030303,0.0,0.0,0.9031120700140794
S233,0808085e-ceb9-458d-9f1f-b154b7d0538a,OPP27,mistral,safety_focused_structured,safety_focused,structured,OPP-115,40.7,0.1616,1.0,1.0,0.6212121212121212,0.3333333333333333,0.0,0.0,0.9403276626880352
S001,41003071-4d44-4c9e-9939-48d96971d471,PILOT02,llama,safety_focused_direct,safety_focused,direct,Contemporary,37.7,0.214,0.9523809523809524,0.9761904761904762,0.631578947368421,0.3157894736842105,0.047619047619047616,0.0,0.9387407657645996
S002,ad5539d5-2abf-4278-ae33-9316ca0874cf,PILOT02,mistral,safety_focused_structured,safety_focused,structured,Contemporary,43.44,0.269,0.9565217391304348,0.9565217391304348,0.6842105263157895,0.21052631578947367,0.0,0.043478260869565216,0.891831559655459
S003,b9c75232-1809-4f6f-9974-cc2b1e0e2ddb,PILOT03,gpt,basic_role_guided,basic,role_guided,Contemporary,25.83,0.1152,1.0,1.0,0.7307692307692307,0.07692307692307693,0.0,0.0,0.7927114825047876
S004,74d61ad5-dfb5-42e2-885d-77bf4165a3a3,PILOT03,mistral,safety_focused_direct,safety_focused,direct,Contemporary,47.22,0.11,0.9767441860465116,0.9883720930232558,0.6538461538461539,0.07692307692307693,0.023255813953488372,0.0,0.8290884796270105
S005,badf8b00-12e3-4f49-94c6-35647e68a1a0,PILOT01,llama,safety_focused_role_guided,safety_focused,role_guided,Contemporary,34.45,0.4147,1.0,1.0,0.65,0.25,0.0,0.0,0.9558199147383372
S006,6ba200e1-7eb2-4cc8-80c0-72c19bcfc375,PILOT03,mistral,safety_focused_structured,safety_focused,structured,Contemporary,43.79,0.0449,0.8421052631578947,0.8947368421052632,0.4230769230769231,0.3076923076923077,0.10526315789473684,0.05263157894736842,0.7656806801494799
S007,8f0916d2-0551-49e1-9fa4-969ea56964e1,PILOT02,mistral,safety_focused_role_guided,safety_focused,role_guided,Contemporary,41.97,0.3254,0.9629629629629628,0.9814814814814815,0.7631578947368421,0.21052631578947367,0.037037037037037035,0.0,0.782547455350006
S008,22e3e871-3124-486e-a732-d2b1024b1248,PILOT02,llama,basic_structured,basic,structured,Contemporary,33.67,0.1171,0.9090909090909092,0.9545454545454546,0.2368421052631578,0.5789473684210527,0.09090909090909091,0.0,0.8713648617267609
S009,d8a98032-4362-4735-bb86-a11311a660eb,PILOT02,mistral,basic_structured,basic,structured,Contemporary,42.21,0.1949,0.9444444444444444,0.9722222222222222,0.631578947368421,0.3157894736842105,0.05555555555555555,0.0,0.8002546972905596
S010,5d26c990-3856-43ff-b605-9f2f300d5253,PILOT02,gpt,safety_focused_role_guided,safety_focused,role_guided,Contemporary,41.28,0.4525,0.9791666666666666,0.9895833333333334,1.0,0.0,0.020833333333333332,0.0,0.9207470309920608
S011,547459db-5b06-4053-bb77-df2d1469dda8,PILOT01,gpt,safety_focused_structured,safety_focused,structured,Contemporary,32.67,0.576,1.0,1.0,1.0,0.0,0.0,0.0,0.9046397683295336
S012,34eb1171-40d3-461c-8bbe-58fd8dcc7c00,PILOT01,mistral,basic_direct,basic,direct,Contemporary,46.13,0.318,0.7857142857142857,0.8571428571428571,0.7,0.2,0.14285714285714285,0.14285714285714285,0.9285258735929216
S013,b7164467-776b-4722-9714-9535d9d94730,PILOT03,llama,basic_role_guided,basic,role_guided,Contemporary,44.2,0.0422,0.875,0.9375,0.3076923076923077,0.46153846153846156,0.125,0.0,0.8490045750513673
S014,0ebc0e0f-33b6-4038-a72f-74637869c0f3,PILOT02,llama,safety_focused_structured,safety_focused,structured,Contemporary,40.42,0.1854,0.9411764705882352,0.9705882352941176,0.5526315789473685,0.3157894736842105,0.058823529411764705,0.0,0.9316100881380194
S015,dce4aaa1-a6ec-4d6d-8c40-0bf30417e377,PILOT01,gpt,safety_focused_role_guided,safety_focused,role_guided,Contemporary,34.77,0.6118,1.0,1.0,1.0,0.0,0.0,0.0,0.918402872979641
S016,696a1159-12e5-4d6e-9e11-683cbe2bb555,PILOT02,gpt,safety_focused_direct,safety_focused,direct,Contemporary,38.92,0.4792,0.9574468085106383,0.9787234042553191,1.0,0.0,0.0425531914893617,0.0,0.9448789926443962
S017,1f2e8863-8fa7-48ac-8f59-939568056ef0,PILOT01,gpt,basic_structured,basic,structured,Contemporary,27.59,0.4021,0.9333333333333332,0.9666666666666667,0.8,0.1,0.06666666666666667,0.0,0.9173457662264506
S018,15f9406b-6c0d-4b7a-b5d9-a456a1d246a4,PILOT03,llama,basic_structured,basic,structured,Contemporary,41.31,0.0452,1.0,1.0,0.2692307692307692,0.5384615384615384,0.0,0.0,0.9689992169539132
S019,a8d16dcc-facf-4143-9ba8-1121d5ffd5fb,PILOT02,gpt,safety_focused_structured,safety_focused,structured,Contemporary,36.54,0.4028,0.951219512195122,0.9634146341463414,1.0,0.0,0.04878048780487805,0.0,0.929072380792804
S020,1931a413-c412-4f2e-be92-0907e6ebaef3,PILOT01,mistral,safety_focused_role_guided,safety_focused,role_guided,Contemporary,47.28,0.5323,1.0,1.0,0.85,0.1,0.0,0.0,0.9716057984725288
S021,74417569-bd0d-42fc-b0f3-e7264484df89,PILOT03,gpt,basic_direct,basic,direct,Contemporary,23.13,0.1082,0.975609756097561,0.9878048780487805,0.8461538461538461,0.07692307692307693,0.024390243902439025,0.0,0.7581021207861784
S022,71cfad57-9405-405e-9f05-a99cb5430b61,PILOT01,llama,basic_role_guided,basic,role_guided,Contemporary,43.74,0.3111,0.8181818181818182,0.9090909090909091,0.625,0.3,0.18181818181818182,0.0,0.9738472266630692
S023,7336dca0-e018-478d-8831-ab93848db00b,PILOT03,gpt,safety_focused_structured,safety_focused,structured,Contemporary,21.98,0.1972,1.0,1.0,0.9230769230769232,0.0,0.0,0.0,0.853567231176556
S024,3822001b-1384-46cc-bce1-edc7b2f07209,PILOT03,llama,safety_focused_structured,safety_focused,structured,Contemporary,25.0,0.0526,0.9444444444444444,0.9722222222222222,0.3846153846153846,0.38461538461538464,0.05555555555555555,0.0,0.8597488908304108
S025,a8a82c17-2f8f-4408-bae2-c5e30cbfdfb6,PILOT03,gpt,basic_structured,basic,structured,Contemporary,24.27,0.1132,1.0,1.0,0.8461538461538461,0.07692307692307693,0.0,0.0,0.7594723867926192
S026,c2f88642-03e4-4bda-b615-7614a5d5ded3,PILOT01,mistral,basic_role_guided,basic,role_guided,Contemporary,51.37,0.4412,0.9047619047619048,0.9285714285714286,0.675,0.15,0.047619047619047616,0.047619047619047616,0.933817517544542
S027,42377a16-f685-4295-a922-66dc6b495694,PILOT01,mistral,basic_structured,basic,structured,Contemporary,44.12,0.3756,1.0,1.0,0.625,0.35,0.0,0.0,0.9236277464558096
S028,45d14d36-2987-4754-9125-cb62c807a217,PILOT02,mistral,basic_direct,basic,direct,Contemporary,41.2,0.2489,1.0,1.0,0.6842105263157895,0.2631578947368421,0.0,0.0,0.8473799944093282
S029,b9b5c68b-fa6a-4d60-ae0b-be2a2b004e60,PILOT01,llama,basic_direct,basic,direct,Contemporary,31.72,0.3353,0.9090909090909092,0.9545454545454546,0.5,0.35,0.09090909090909091,0.0,0.9772440682757983
S030,90270e9b-d33c-4687-a7cf-a54e9ee5463e,PILOT03,llama,basic_direct,basic,direct,Contemporary,34.24,0.0434,1.0,1.0,0.4615384615384615,0.3076923076923077,0.0,0.0,0.8505582467598074
S031,11d6dc97-57b6-409e-b6d2-4d93c8e1c3e1,PILOT01,mistral,safety_focused_direct,safety_focused,direct,Contemporary,38.8,0.4378,0.9285714285714286,0.9642857142857143,0.75,0.15,0.07142857142857142,0.0,0.8899517455803496
S032,d8fde95a-010e-49c7-97e9-703fce4bab56,PILOT03,mistral,basic_structured,basic,structured,Contemporary,51.5,0.0818,0.8936170212765957,0.9042553191489362,0.5769230769230769,0.15384615384615385,0.02127659574468085,0.0851063829787234,0.8960469743989884
S033,d9bddf98-2a6c-4682-a870-9d0c2c10c7c1,PILOT03,mistral,safety_focused_role_guided,safety_focused,role_guided,Contemporary,42.87,0.0489,0.95,0.95,0.3461538461538461,0.46153846153846156,0.0,0.05,0.8066223826259374
S034,f46c22ed-2132-4b45-a7c9-0e3ff5dc808c,PILOT02,llama,basic_role_guided,basic,role_guided,Contemporary,40.58,0.1586,1.0,1.0,0.4473684210526316,0.5263157894736842,0.0,0.0,0.8991175528083529
S035,aeeda332-c88f-4b91-8c48-1ba29648429c,PILOT01,llama,safety_focused_structured,safety_focused,structured,Contemporary,40.49,0.3111,0.9166666666666666,0.9583333333333334,0.65,0.25,0.08333333333333333,0.0,0.981199786067009
S036,7b0e96a3-a30a-4562-b94a-294250bff36f,PILOT01,gpt,basic_direct,basic,direct,Contemporary,24.18,0.4032,0.9444444444444444,0.9722222222222222,0.825,0.1,0.05555555555555555,0.0,0.9668579068448808
S037,e871b722-c863-4e9b-b389-f9f001995c37,PILOT02,gpt,basic_structured,basic,structured,Contemporary,44.25,0.3,0.9375,0.96875,0.8421052631578947,0.0,0.0625,0.0,0.9067987981252372
S038,f8187bab-f1ad-4dde-90f1-9bb383f4b8d7,PILOT02,llama,safety_focused_role_guided,safety_focused,role_guided,Contemporary,37.4,0.1949,0.9333333333333332,0.9666666666666667,0.6052631578947368,0.21052631578947367,0.06666666666666667,0.0,0.7981924705207348
S039,0a8b0954-d13d-4929-a827-7cef6cc9319d,PILOT01,gpt,basic_role_guided,basic,role_guided,Contemporary,21.56,0.4217,0.9411764705882352,0.9705882352941176,0.85,0.1,0.058823529411764705,0.0,0.9219135028474472
S040,1ea3584b-8f46-4d3f-b326-6d7930fa70da,PILOT02,llama,basic_direct,basic,direct,Contemporary,43.72,0.1429,0.8461538461538461,0.8846153846153846,0.4210526315789473,0.5263157894736842,0.07692307692307693,0.07692307692307693,0.8778031170368195
S041,af0869e4-1ebf-4ad7-b5d2-37efc4cec609,PILOT01,llama,safety_focused_direct,safety_focused,direct,Contemporary,40.05,0.3813,1.0,1.0,0.675,0.2,0.0,0.0,0.9777927547693251
S042,937d367e-e815-4797-8ace-3acf43851a97,PILOT03,llama,safety_focused_role_guided,safety_focused,role_guided,Contemporary,23.21,0.0502,1.0,1.0,0.4615384615384615,0.23076923076923078,0.0,0.0,0.8256778086225192
S043,06a53045-4fef-4784-b263-3e26f1c9e55c,PILOT01,mistral,safety_focused_structured,safety_focused,structured,Contemporary,40.15,0.424,0.9285714285714286,0.9642857142857143,0.75,0.1,0.07142857142857142,0.0,0.8385716285556555
S044,b3667c9a-4a36-41dc-aaa8-f2f204358f2e,PILOT02,mistral,safety_focused_direct,safety_focused,direct,Contemporary,41.0,0.3932,1.0,1.0,0.8947368421052632,0.10526315789473684,0.0,0.0,0.8773992510907578
S045,360bcdc4-d443-442e-b918-255304dcf08d,PILOT03,llama,safety_focused_direct,safety_focused,direct,Contemporary,24.53,0.0584,1.0,1.0,0.5384615384615384,0.3076923076923077,0.0,0.0,0.8268253888934851
S046,dfe3acae-836e-462f-a692-8754cbf8b784,PILOT03,gpt,safety_focused_direct,safety_focused,direct,Contemporary,22.72,0.246,1.0,1.0,0.9615384615384616,0.0,0.0,0.0,0.8815594908149763
S047,f93904a1-62a2-4b3f-aa21-b3fd9d1b88fb,PILOT02,gpt,basic_role_guided,basic,role_guided,Contemporary,42.33,0.2824,1.0,1.0,0.8947368421052632,0.05263157894736842,0.0,0.0,0.9407593241104713
S048,6ee3262d-f6e2-4b9f-b739-363a9a3d99de,PILOT01,gpt,safety_focused_direct,safety_focused,direct,Contemporary,29.36,0.6325,1.0,1.0,1.0,0.0,0.0,0.0,0.9400242728491623
S049,bc820335-3389-4052-9efb-7f20fff24769,PILOT02,gpt,basic_direct,basic,direct,Contemporary,43.01,0.2809,1.0,1.0,0.868421052631579,0.05263157894736842,0.0,0.0,0.9417353272438048
S050,1ff393eb-09e1-446d-8cc9-0a6430f621d0,PILOT03,mistral,basic_role_guided,basic,role_guided,Contemporary,45.83,0.072,0.9375,0.953125,0.3076923076923077,0.46153846153846156,0.03125,0.03125,0.8707621255889535
S051,398805a1-4782-438b-9ed5-df93ace16318,PILOT01,llama,basic_structured,basic,structured,Contemporary,36.93,0.3145,1.0,1.0,0.425,0.45,0.0,0.0,0.980671617117795
S052,368706ab-9aec-46a8-b1b9-51e76763e17b,PILOT03,mistral,basic_direct,basic,direct,Contemporary,34.66,0.0947,0.96875,0.96875,0.3846153846153846,0.38461538461538464,0.0,0.03125,0.832875641877763
S053,aa0518ce-2961-4ed1-82b1-faffd385ce86,PILOT02,mistral,basic_role_guided,basic,role_guided,Contemporary,45.79,0.2604,0.9583333333333334,0.9583333333333334,0.7368421052631579,0.21052631578947367,0.0,0.041666666666666664,0.8518837747784952
S054,4101ce39-db3c-4524-97e2-3577fa0e5e56,PILOT03,gpt,safety_focused_role_guided,safety_focused,role_guided,Contemporary,21.41,0.159,1.0,1.0,0.8846153846153846,0.07692307692307693,0.0,0.0,0.8016470878639005
